file_path,open_file,file_name,owner,extension,size,modification_time,access_time,creation_time,parent_directory,permissions,is_file,is_symlink,absolute_path,metadata
tests\conftest.py,False,conftest.py,AD/BLUO,.py,718,1707158590.163458,1709231390.9588873,1705332838.3702419,tests,666,True,False,C:\Users\BLUO\Downloads\report\tests\conftest.py,{'message': 'File was not opened'}
tests\directory_analytics_test.py,False,directory_analytics_test.py,AD/BLUO,.py,1790,1707156577.8379848,1709231311.2927098,1705423534.9359689,tests,666,True,False,C:\Users\BLUO\Downloads\report\tests\directory_analytics_test.py,{'message': 'File was not opened'}
tests\directory_report_test.py,False,directory_report_test.py,AD/BLUO,.py,8606,1709209133.1342926,1709231429.5038428,1705332838.3739834,tests,666,True,False,C:\Users\BLUO\Downloads\report\tests\directory_report_test.py,{'message': 'File was not opened'}
tests\directory_similarity_test.py,False,directory_similarity_test.py,AD/BLUO,.py,3561,1707156577.8441813,1709212633.664472,1707156577.8441813,tests,666,True,False,C:\Users\BLUO\Downloads\report\tests\directory_similarity_test.py,{'message': 'File was not opened'}
tests\test_audio_processor.py,False,test_audio_processor.py,AD/BLUO,.py,4941,1707311603.3081613,1709212633.6775393,1705332840.637034,tests,666,True,False,C:\Users\BLUO\Downloads\report\tests\test_audio_processor.py,{'message': 'File was not opened'}
tests\test_corrupted_files.py,False,test_corrupted_files.py,AD/BLUO,.py,1879,1707158346.89567,1709212633.6855361,1705332840.6390274,tests,666,True,False,C:\Users\BLUO\Downloads\report\tests\test_corrupted_files.py,{'message': 'File was not opened'}
tests\test_csv_processor.py,False,test_csv_processor.py,AD/BLUO,.py,1900,1707158340.6514156,1709212633.6945455,1705332840.6420133,tests,666,True,False,C:\Users\BLUO\Downloads\report\tests\test_csv_processor.py,{'message': 'File was not opened'}
tests\test_docx_processor.py,False,test_docx_processor.py,AD/BLUO,.py,2650,1707158357.788374,1709212633.700552,1705332840.6440065,tests,666,True,False,C:\Users\BLUO\Downloads\report\tests\test_docx_processor.py,{'message': 'File was not opened'}
tests\test_file_similarity.py,False,test_file_similarity.py,AD/BLUO,.py,1513,1707491589.483745,1709212633.7075655,1707315435.0279548,tests,666,True,False,C:\Users\BLUO\Downloads\report\tests\test_file_similarity.py,{'message': 'File was not opened'}
tests\test_generic_processor.py,False,test_generic_processor.py,AD/BLUO,.py,1695,1707156577.9161782,1709212633.7129858,1705332840.6460004,tests,666,True,False,C:\Users\BLUO\Downloads\report\tests\test_generic_processor.py,{'message': 'File was not opened'}
tests\test_gif_processor.py,False,test_gif_processor.py,AD/BLUO,.py,1705,1707158393.6289494,1709212633.7179868,1705332840.6489892,tests,666,True,False,C:\Users\BLUO\Downloads\report\tests\test_gif_processor.py,{'message': 'File was not opened'}
tests\test_heic_processor.py,False,test_heic_processor.py,AD/BLUO,.py,1523,1707158401.5838773,1709212633.725115,1705332840.6509829,tests,666,True,False,C:\Users\BLUO\Downloads\report\tests\test_heic_processor.py,{'message': 'File was not opened'}
tests\test_html_processor.py,False,test_html_processor.py,AD/BLUO,.py,1395,1707158365.012669,1709212633.7319865,1705332840.6519792,tests,666,True,False,C:\Users\BLUO\Downloads\report\tests\test_html_processor.py,{'message': 'File was not opened'}
tests\test_jpeg_processor.py,False,test_jpeg_processor.py,AD/BLUO,.py,1523,1707158248.7118435,1709212633.7379866,1705332840.6539726,tests,666,True,False,C:\Users\BLUO\Downloads\report\tests\test_jpeg_processor.py,{'message': 'File was not opened'}
tests\test_json_processor.py,False,test_json_processor.py,AD/BLUO,.py,1646,1707158374.3611226,1709212633.7439878,1705332840.6559658,tests,666,True,False,C:\Users\BLUO\Downloads\report\tests\test_json_processor.py,{'message': 'File was not opened'}
tests\test_msg_processor.py,False,test_msg_processor.py,AD/BLUO,.py,1983,1707158410.31112,1709212633.75003,1705332840.6579595,tests,666,True,False,C:\Users\BLUO\Downloads\report\tests\test_msg_processor.py,{'message': 'File was not opened'}
tests\test_ocr_decorator.py,False,test_ocr_decorator.py,AD/BLUO,.py,2402,1709209133.1382902,1709231429.5143924,1705332840.6589558,tests,666,True,False,C:\Users\BLUO\Downloads\report\tests\test_ocr_decorator.py,{'message': 'File was not opened'}
tests\test_pdf_processor.py,False,test_pdf_processor.py,AD/BLUO,.py,1553,1707158512.6783347,1709212633.7610314,1705332840.6609497,tests,666,True,False,C:\Users\BLUO\Downloads\report\tests\test_pdf_processor.py,{'message': 'File was not opened'}
tests\test_png_processor.py,False,test_png_processor.py,AD/BLUO,.py,1697,1707158231.684551,1709212633.766992,1705332840.6629426,tests,666,True,False,C:\Users\BLUO\Downloads\report\tests\test_png_processor.py,{'message': 'File was not opened'}
tests\test_pptx_processor.py,False,test_pptx_processor.py,AD/BLUO,.py,2901,1707158527.1946652,1709212633.7729933,1705332840.6639392,tests,666,True,False,C:\Users\BLUO\Downloads\report\tests\test_pptx_processor.py,{'message': 'File was not opened'}
tests\test_py_processor.py,False,test_py_processor.py,AD/BLUO,.py,1846,1707158517.7619386,1709212633.7789931,1705332840.665933,tests,666,True,False,C:\Users\BLUO\Downloads\report\tests\test_py_processor.py,{'message': 'File was not opened'}
tests\test_rtf_processor.py,False,test_rtf_processor.py,AD/BLUO,.py,1155,1707158522.4271755,1709212633.7848828,1705332840.6679258,tests,666,True,False,C:\Users\BLUO\Downloads\report\tests\test_rtf_processor.py,{'message': 'File was not opened'}
tests\test_tif_processor.py,False,test_tif_processor.py,AD/BLUO,.py,1513,1707158575.6925707,1709212633.7908845,1705332840.6699672,tests,666,True,False,C:\Users\BLUO\Downloads\report\tests\test_tif_processor.py,{'message': 'File was not opened'}
tests\test_transcription_decorator.py,False,test_transcription_decorator.py,AD/BLUO,.py,2925,1709209133.142469,1709231429.5168705,1705332840.6729596,tests,666,True,False,C:\Users\BLUO\Downloads\report\tests\test_transcription_decorator.py,{'message': 'File was not opened'}
tests\test_txt_processor.py,False,test_txt_processor.py,AD/BLUO,.py,1491,1707158592.6162586,1709212633.803887,1705332840.6749394,tests,666,True,False,C:\Users\BLUO\Downloads\report\tests\test_txt_processor.py,{'message': 'File was not opened'}
tests\test_xlsx_processor.py,False,test_xlsx_processor.py,AD/BLUO,.py,2554,1707158580.6532643,1709212633.8108847,1705332840.6768973,tests,666,True,False,C:\Users\BLUO\Downloads\report\tests\test_xlsx_processor.py,{'message': 'File was not opened'}
tests\test_xml_processor.py,False,test_xml_processor.py,AD/BLUO,.py,1359,1707158599.5614834,1709212633.816571,1705332840.6799586,tests,666,True,False,C:\Users\BLUO\Downloads\report\tests\test_xml_processor.py,{'message': 'File was not opened'}
tests\test_zip_processor.py,False,test_zip_processor.py,AD/BLUO,.py,2628,1707158611.5782094,1709212633.822956,1705332840.681884,tests,666,True,False,C:\Users\BLUO\Downloads\report\tests\test_zip_processor.py,{'message': 'File was not opened'}
tests\__init__.py,False,__init__.py,AD/BLUO,.py,0,1706123999.894836,1706123999.894836,1705332838.368257,tests,666,True,False,C:\Users\BLUO\Downloads\report\tests\__init__.py,{'message': 'File was not opened'}
tests\resources\directory_test_files\2021_Census_English.csv,False,2021_Census_English.csv,AD/BLUO,.csv,5384414,100000000.0,1709231587.6323948,1705332838.4098403,tests\resources\directory_test_files,666,True,False,C:\Users\BLUO\Downloads\report\tests\resources\directory_test_files\2021_Census_English.csv,{'message': 'File was not opened'}
tests\resources\directory_test_files\ArtificialNeuralNetworksForBeginners.pdf,False,ArtificialNeuralNetworksForBeginners.pdf,AD/BLUO,.pdf,221266,1705332838.4255257,1709231586.9877982,1705332838.4098403,tests\resources\directory_test_files,666,True,False,C:\Users\BLUO\Downloads\report\tests\resources\directory_test_files\ArtificialNeuralNetworksForBeginners.pdf,{'message': 'File was not opened'}
tests\resources\directory_test_files\ArtificialNeuralNetworksForBeginners_Locked.pdf,False,ArtificialNeuralNetworksForBeginners_Locked.pdf,AD/BLUO,.pdf,222102,1705332838.4255257,1709231587.2388902,1705332838.4255257,tests\resources\directory_test_files,666,True,False,C:\Users\BLUO\Downloads\report\tests\resources\directory_test_files\ArtificialNeuralNetworksForBeginners_Locked.pdf,{'message': 'File was not opened'}
tests\resources\directory_test_files\government_of_canada_wikipedia.txt,False,government_of_canada_wikipedia.txt,AD/BLUO,.txt,39357,1705332838.791561,1709231587.2869544,1705332838.791561,tests\resources\directory_test_files,666,True,False,C:\Users\BLUO\Downloads\report\tests\resources\directory_test_files\government_of_canada_wikipedia.txt,{'message': 'File was not opened'}
tests\resources\directory_test_files\Health - Canada.ca.html,False,Health - Canada.ca.html,AD/BLUO,.html,168865,1705332838.4255257,1709231587.4719565,1705332838.4255257,tests\resources\directory_test_files,666,True,False,C:\Users\BLUO\Downloads\report\tests\resources\directory_test_files\Health - Canada.ca.html,{'message': 'File was not opened'}
tests\resources\directory_test_files\HealthCanadaOverviewFromWikipedia_Locked.docx,False,HealthCanadaOverviewFromWikipedia_Locked.docx,AD/BLUO,.docx,19456,1705332838.4255257,1709231587.4911337,1705332838.4255257,tests\resources\directory_test_files,666,True,False,C:\Users\BLUO\Downloads\report\tests\resources\directory_test_files\HealthCanadaOverviewFromWikipedia_Locked.docx,{'message': 'File was not opened'}
tests\resources\directory_test_files\Health_Canada_logo.png,False,Health_Canada_logo.png,AD/BLUO,.png,4125,1705332838.4255257,1709231587.5043225,1705332838.4255257,tests\resources\directory_test_files,666,True,False,C:\Users\BLUO\Downloads\report\tests\resources\directory_test_files\Health_Canada_logo.png,{'message': 'File was not opened'}
tests\resources\directory_test_files\Microsoft Copilot Presentation - Copy.pptx,False,Microsoft Copilot Presentation - Copy.pptx,AD/BLUO,.pptx,100174789,1705332838.7764747,1709231576.261571,1705332838.7485678,tests\resources\directory_test_files,666,True,False,C:\Users\BLUO\Downloads\report\tests\resources\directory_test_files\Microsoft Copilot Presentation - Copy.pptx,{'message': 'File was not opened'}
tests\resources\directory_test_files\Test Email.msg,False,Test Email.msg,AD/BLUO,.msg,76800,1705332838.7804613,1709231587.520569,1705332838.7804613,tests\resources\directory_test_files,666,True,False,C:\Users\BLUO\Downloads\report\tests\resources\directory_test_files\Test Email.msg,{'message': 'File was not opened'}
tests\resources\directory_test_files\Test_excel_file.xlsx,False,Test_excel_file.xlsx,AD/BLUO,.xlsx,11885,1705332838.7824512,1709231587.5359626,1705332838.7824512,tests\resources\directory_test_files,666,True,False,C:\Users\BLUO\Downloads\report\tests\resources\directory_test_files\Test_excel_file.xlsx,{'message': 'File was not opened'}
tests\resources\directory_test_files\!@#$%^&()\Sample.xml,False,Sample.xml,AD/BLUO,.xml,4548,1705332838.3896234,1709231587.5500302,1705332838.3896234,tests\resources\directory_test_files\!@#$%^&(),666,True,False,C:\Users\BLUO\Downloads\report\tests\resources\directory_test_files\!@#$%^&()\Sample.xml,{'message': 'File was not opened'}
tests\resources\directory_test_files\0.1.2.3.4.5\HealthCanadaOverviewFromWikipedia.pptx,False,HealthCanadaOverviewFromWikipedia.pptx,AD/BLUO,.pptx,37021,1705332838.3896234,1709231576.4541025,1705332838.3896234,tests\resources\directory_test_files\0.1.2.3.4.5,666,True,False,C:\Users\BLUO\Downloads\report\tests\resources\directory_test_files\0.1.2.3.4.5\HealthCanadaOverviewFromWikipedia.pptx,{'message': 'File was not opened'}
tests\resources\directory_test_files\directory_test_files\HealthCanadaOverviewFromWikipedia.pptx,False,HealthCanadaOverviewFromWikipedia.pptx,AD/BLUO,.pptx,37021,1705332838.7884347,1709231586.9505248,1705332838.787434,tests\resources\directory_test_files\directory_test_files,666,True,False,C:\Users\BLUO\Downloads\report\tests\resources\directory_test_files\directory_test_files\HealthCanadaOverviewFromWikipedia.pptx,{'message': 'File was not opened'}
tests\resources\directory_test_files\directory_test_files\directory_test_files\SampleReport.zip,False,SampleReport.zip,AD/BLUO,.zip,64254,1705332838.791561,1709231587.56602,1705332838.791561,tests\resources\directory_test_files\directory_test_files\directory_test_files,666,True,False,C:\Users\BLUO\Downloads\report\tests\resources\directory_test_files\directory_test_files\directory_test_files\SampleReport.zip,{'message': 'File was not opened'}
tests\resources\directory_test_files\ \New folder\Test_for_RTF.rtf,False,Test_for_RTF.rtf,AD/BLUO,.rtf,103257,1705332838.791561,1709231587.5759635,1705332838.791561,tests\resources\directory_test_files\ \New folder,666,True,False,C:\Users\BLUO\Downloads\report\tests\resources\directory_test_files\ \New folder\Test_for_RTF.rtf,{'message': 'File was not opened'}
tests\resources\directory_test_files_corrupted\government_of_canada_wikipedia_corrupted.txt,False,government_of_canada_wikipedia_corrupted.txt,AD/BLUO,.txt,39052,1705332838.791561,1709212644.3477752,1705332838.791561,tests\resources\directory_test_files_corrupted,666,True,False,C:\Users\BLUO\Downloads\report\tests\resources\directory_test_files_corrupted\government_of_canada_wikipedia_corrupted.txt,{'message': 'File was not opened'}
tests\resources\similarity_test_files\aviation_safety.txt,False,aviation_safety.txt,AD/BLUO,.txt,3888,1707156577.8576272,1709231427.0772455,1707156577.8576272,tests\resources\similarity_test_files,666,True,False,C:\Users\BLUO\Downloads\report\tests\resources\similarity_test_files\aviation_safety.txt,{'message': 'File was not opened'}
tests\resources\similarity_test_files\canadian_constitution.txt,False,canadian_constitution.txt,AD/BLUO,.txt,6541,1707156577.8607202,1709231427.158979,1707156577.8607202,tests\resources\similarity_test_files,666,True,False,C:\Users\BLUO\Downloads\report\tests\resources\similarity_test_files\canadian_constitution.txt,{'message': 'File was not opened'}
tests\resources\similarity_test_files\climate_change_causes.txt,False,climate_change_causes.txt,AD/BLUO,.txt,8382,1707156577.8637009,1709231427.1830108,1707156577.8637009,tests\resources\similarity_test_files,666,True,False,C:\Users\BLUO\Downloads\report\tests\resources\similarity_test_files\climate_change_causes.txt,{'message': 'File was not opened'}
tests\resources\similarity_test_files\coronavirus_symptoms.txt,False,coronavirus_symptoms.txt,AD/BLUO,.txt,5703,1707156577.866697,1709231427.2007601,1707156577.866697,tests\resources\similarity_test_files,666,True,False,C:\Users\BLUO\Downloads\report\tests\resources\similarity_test_files\coronavirus_symptoms.txt,{'message': 'File was not opened'}
tests\resources\similarity_test_files\CPP_disability_benefits.txt,False,CPP_disability_benefits.txt,AD/BLUO,.txt,5467,1707156577.849163,1709231427.2167602,1707156577.849163,tests\resources\similarity_test_files,666,True,False,C:\Users\BLUO\Downloads\report\tests\resources\similarity_test_files\CPP_disability_benefits.txt,{'message': 'File was not opened'}
tests\resources\similarity_test_files\CPP_retirement_pension.txt,False,CPP_retirement_pension.txt,AD/BLUO,.txt,5187,1707156577.852268,1709231427.2293813,1707156577.852268,tests\resources\similarity_test_files,666,True,False,C:\Users\BLUO\Downloads\report\tests\resources\similarity_test_files\CPP_retirement_pension.txt,{'message': 'File was not opened'}
tests\resources\similarity_test_files\documents_for_express_entry.txt,False,documents_for_express_entry.txt,AD/BLUO,.txt,2640,1707156577.8689303,1709231427.239891,1707156577.8689303,tests\resources\similarity_test_files,666,True,False,C:\Users\BLUO\Downloads\report\tests\resources\similarity_test_files\documents_for_express_entry.txt,{'message': 'File was not opened'}
tests\resources\similarity_test_files\EI_regular_benefits.txt,False,EI_regular_benefits.txt,AD/BLUO,.txt,4278,1707156577.8556285,1709231427.2505057,1707156577.8552496,tests\resources\similarity_test_files,666,True,False,C:\Users\BLUO\Downloads\report\tests\resources\similarity_test_files\EI_regular_benefits.txt,{'message': 'File was not opened'}
tests\resources\similarity_test_files\express_entry.txt,False,express_entry.txt,AD/BLUO,.txt,2471,1707156577.8709714,1709231427.258505,1707156577.8709714,tests\resources\similarity_test_files,666,True,False,C:\Users\BLUO\Downloads\report\tests\resources\similarity_test_files\express_entry.txt,{'message': 'File was not opened'}
tests\resources\similarity_test_files\funding_culture_history_sport.txt,False,funding_culture_history_sport.txt,AD/BLUO,.txt,7667,1707156577.8729692,1709231427.2725055,1707156577.8729692,tests\resources\similarity_test_files,666,True,False,C:\Users\BLUO\Downloads\report\tests\resources\similarity_test_files\funding_culture_history_sport.txt,{'message': 'File was not opened'}
tests\resources\similarity_test_files\healthcare_system.txt,False,healthcare_system.txt,AD/BLUO,.txt,5377,1707156577.8749666,1709231427.2815092,1707156577.8749666,tests\resources\similarity_test_files,666,True,False,C:\Users\BLUO\Downloads\report\tests\resources\similarity_test_files\healthcare_system.txt,{'message': 'File was not opened'}
tests\resources\similarity_test_files\history_of_canada.txt,False,history_of_canada.txt,AD/BLUO,.txt,4337,1707156577.8779519,1709231427.2915075,1707156577.8779519,tests\resources\similarity_test_files,666,True,False,C:\Users\BLUO\Downloads\report\tests\resources\similarity_test_files\history_of_canada.txt,{'message': 'File was not opened'}
tests\resources\similarity_test_files\how_courts_are_organized.txt,False,how_courts_are_organized.txt,AD/BLUO,.txt,6919,1707156577.88104,1709231427.3045955,1707156577.88104,tests\resources\similarity_test_files,666,True,False,C:\Users\BLUO\Downloads\report\tests\resources\similarity_test_files\how_courts_are_organized.txt,{'message': 'File was not opened'}
tests\resources\similarity_test_files\national_security_act.txt,False,national_security_act.txt,AD/BLUO,.txt,1492,1707156577.88403,1709231427.3166506,1707156577.8830335,tests\resources\similarity_test_files,666,True,False,C:\Users\BLUO\Downloads\report\tests\resources\similarity_test_files\national_security_act.txt,{'message': 'File was not opened'}
tests\resources\similarity_test_files\net_zero_emissions_by_2050.txt,False,net_zero_emissions_by_2050.txt,AD/BLUO,.txt,4307,1707156577.8860235,1709231427.3275917,1707156577.8860235,tests\resources\similarity_test_files,666,True,False,C:\Users\BLUO\Downloads\report\tests\resources\similarity_test_files\net_zero_emissions_by_2050.txt,{'message': 'File was not opened'}
tests\resources\similarity_test_files\origin_of_name_canada.txt,False,origin_of_name_canada.txt,AD/BLUO,.txt,2784,1707156577.8890135,1709231427.3376722,1707156577.8890135,tests\resources\similarity_test_files,666,True,False,C:\Users\BLUO\Downloads\report\tests\resources\similarity_test_files\origin_of_name_canada.txt,{'message': 'File was not opened'}
tests\resources\similarity_test_files\personal_income_tax.txt,False,personal_income_tax.txt,AD/BLUO,.txt,3124,1707156577.8921213,1709231427.3455956,1707156577.8921213,tests\resources\similarity_test_files,666,True,False,C:\Users\BLUO\Downloads\report\tests\resources\similarity_test_files\personal_income_tax.txt,{'message': 'File was not opened'}
tests\resources\similarity_test_files\start_a_business.txt,False,start_a_business.txt,AD/BLUO,.txt,10039,1707156577.8941147,1709231427.359592,1707156577.8941147,tests\resources\similarity_test_files,666,True,False,C:\Users\BLUO\Downloads\report\tests\resources\similarity_test_files\start_a_business.txt,{'message': 'File was not opened'}
tests\resources\similarity_test_files\travel_advisories.txt,False,travel_advisories.txt,AD/BLUO,.txt,18111,1707156577.896108,1709231427.382594,1707156577.896108,tests\resources\similarity_test_files,666,True,False,C:\Users\BLUO\Downloads\report\tests\resources\similarity_test_files\travel_advisories.txt,{'message': 'File was not opened'}
tests\resources\similarity_test_files\visitors_to_canada.txt,False,visitors_to_canada.txt,AD/BLUO,.txt,16741,1707156577.8981013,1709231427.4045918,1707156577.8981013,tests\resources\similarity_test_files,666,True,False,C:\Users\BLUO\Downloads\report\tests\resources\similarity_test_files\visitors_to_canada.txt,{'message': 'File was not opened'}
tests\resources\test_files\2021_Census_English.csv,False,2021_Census_English.csv,AD/BLUO,.csv,5384414,1700000000.0,1709138605.3311014,1705332838.8281286,tests\resources\test_files,666,True,False,C:\Users\BLUO\Downloads\report\tests\resources\test_files\2021_Census_English.csv,{'message': 'File was not opened'}
tests\resources\test_files\2021_Census_English_corrupted.csv,False,2021_Census_English_corrupted.csv,AD/BLUO,.csv,5347579,1705332838.845677,1709137272.7622192,1705332838.8436837,tests\resources\test_files,666,True,False,C:\Users\BLUO\Downloads\report\tests\resources\test_files\2021_Census_English_corrupted.csv,{'message': 'File was not opened'}
tests\resources\test_files\align.py,False,align.py,AD/BLUO,.py,6386,1705332840.4219763,1709137272.8452559,1705332840.4219763,tests\resources\test_files,666,True,False,C:\Users\BLUO\Downloads\report\tests\resources\test_files\align.py,{'message': 'File was not opened'}
tests\resources\test_files\Approved_Schools_2023_10_01.csv,False,Approved_Schools_2023_10_01.csv,AD/BLUO,.csv,1445900,1705332838.8530602,1709137273.2874937,1705332838.852124,tests\resources\test_files,666,True,False,C:\Users\BLUO\Downloads\report\tests\resources\test_files\Approved_Schools_2023_10_01.csv,{'message': 'File was not opened'}
tests\resources\test_files\ArtificialNeuralNetworksForBeginners.pdf,False,ArtificialNeuralNetworksForBeginners.pdf,AD/BLUO,.pdf,221266,1705332838.8560505,1709137273.5719507,1705332838.8560505,tests\resources\test_files,666,True,False,C:\Users\BLUO\Downloads\report\tests\resources\test_files\ArtificialNeuralNetworksForBeginners.pdf,{'message': 'File was not opened'}
tests\resources\test_files\ArtificialNeuralNetworksForBeginners_Locked.pdf,False,ArtificialNeuralNetworksForBeginners_Locked.pdf,AD/BLUO,.pdf,222102,1705332838.857019,1709137275.602649,1705332838.857019,tests\resources\test_files,666,True,False,C:\Users\BLUO\Downloads\report\tests\resources\test_files\ArtificialNeuralNetworksForBeginners_Locked.pdf,{'message': 'File was not opened'}
tests\resources\test_files\backend.py,False,backend.py,AD/BLUO,.py,212264,1705332840.4249709,1709137275.6503997,1705332840.4249709,tests\resources\test_files,666,True,False,C:\Users\BLUO\Downloads\report\tests\resources\test_files\backend.py,{'message': 'File was not opened'}
tests\resources\test_files\callbacks_corrupted.py,False,callbacks_corrupted.py,AD/BLUO,.py,109727,1705332840.4269598,1709137275.8732722,1705332840.4269598,tests\resources\test_files,666,True,False,C:\Users\BLUO\Downloads\report\tests\resources\test_files\callbacks_corrupted.py,{'message': 'File was not opened'}
tests\resources\test_files\CanadaLogo.tif,False,CanadaLogo.tif,AD/BLUO,.tif,11538,1705332838.857019,1709137276.516381,1705332838.857019,tests\resources\test_files,666,True,False,C:\Users\BLUO\Downloads\report\tests\resources\test_files\CanadaLogo.tif,{'message': 'File was not opened'}
tests\resources\test_files\CanadaLogo_corrupted.tif,False,CanadaLogo_corrupted.tif,AD/BLUO,.tif,11538,1705332838.857019,1709137276.559471,1705332838.857019,tests\resources\test_files,666,True,False,C:\Users\BLUO\Downloads\report\tests\resources\test_files\CanadaLogo_corrupted.tif,{'message': 'File was not opened'}
tests\resources\test_files\coffee.json,False,coffee.json,AD/BLUO,.json,984,1705332840.4279602,1709137276.6158996,1705332840.4279602,tests\resources\test_files,666,True,False,C:\Users\BLUO\Downloads\report\tests\resources\test_files\coffee.json,{'message': 'File was not opened'}
tests\resources\test_files\coffee_corrupted.json,False,coffee_corrupted.json,AD/BLUO,.json,2097152,1705332840.4339356,1709138605.677563,1705332840.4329429,tests\resources\test_files,666,True,False,C:\Users\BLUO\Downloads\report\tests\resources\test_files\coffee_corrupted.json,{'message': 'File was not opened'}
tests\resources\test_files\Empty.zip,False,Empty.zip,AD/BLUO,.zip,22,1705332838.857019,1709137291.1046598,1705332838.857019,tests\resources\test_files,666,True,False,C:\Users\BLUO\Downloads\report\tests\resources\test_files\Empty.zip,{'message': 'File was not opened'}
tests\resources\test_files\Government.xlsx,False,Government.xlsx,AD/BLUO,.xlsx,77201,1705332838.8726423,1709138605.7011962,1705332838.8726423,tests\resources\test_files,666,True,False,C:\Users\BLUO\Downloads\report\tests\resources\test_files\Government.xlsx,{'message': 'File was not opened'}
tests\resources\test_files\government_of_canada_wikipedia.txt,False,government_of_canada_wikipedia.txt,AD/BLUO,.txt,39357,1705332840.4359343,1709138605.7177842,1705332840.4359343,tests\resources\test_files,666,True,False,C:\Users\BLUO\Downloads\report\tests\resources\test_files\government_of_canada_wikipedia.txt,{'message': 'File was not opened'}
tests\resources\test_files\government_of_canada_wikipedia_corrupted.txt,False,government_of_canada_wikipedia_corrupted.txt,AD/BLUO,.txt,39052,1705332840.4379225,1709137292.473169,1705332840.4379225,tests\resources\test_files,666,True,False,C:\Users\BLUO\Downloads\report\tests\resources\test_files\government_of_canada_wikipedia_corrupted.txt,{'message': 'File was not opened'}
tests\resources\test_files\Health - Canada.ca.html,False,Health - Canada.ca.html,AD/BLUO,.html,168865,1705332838.8726423,1709137293.5262809,1705332838.8726423,tests\resources\test_files,666,True,False,C:\Users\BLUO\Downloads\report\tests\resources\test_files\Health - Canada.ca.html,{'message': 'File was not opened'}
tests\resources\test_files\Health - Canada.ca_corrupted.html,False,Health - Canada.ca_corrupted.html,AD/BLUO,.html,165427,1705332838.8726423,1709137297.3047848,1705332838.8726423,tests\resources\test_files,666,True,False,C:\Users\BLUO\Downloads\report\tests\resources\test_files\Health - Canada.ca_corrupted.html,{'message': 'File was not opened'}
tests\resources\test_files\Health Canada Overview from Wikipedia.msg,False,Health Canada Overview from Wikipedia.msg,AD/BLUO,.msg,332800,1705332838.8882842,1709137297.4546788,1705332838.8882842,tests\resources\test_files,666,True,False,C:\Users\BLUO\Downloads\report\tests\resources\test_files\Health Canada Overview from Wikipedia.msg,{'message': 'File was not opened'}
tests\resources\test_files\HealthCanada.jpeg,False,HealthCanada.jpeg,AD/BLUO,.jpeg,8800,1705332838.8882842,1709137297.5054398,1705332838.8882842,tests\resources\test_files,666,True,False,C:\Users\BLUO\Downloads\report\tests\resources\test_files\HealthCanada.jpeg,{'message': 'File was not opened'}
tests\resources\test_files\HealthCanadaOverviewFromWikipedia.docx,False,HealthCanadaOverviewFromWikipedia.docx,AD/BLUO,.docx,11001,1705332838.8882842,1709137297.5647516,1705332838.8882842,tests\resources\test_files,666,True,False,C:\Users\BLUO\Downloads\report\tests\resources\test_files\HealthCanadaOverviewFromWikipedia.docx,{'message': 'File was not opened'}
tests\resources\test_files\HealthCanadaOverviewFromWikipedia.pdf,False,HealthCanadaOverviewFromWikipedia.pdf,AD/BLUO,.pdf,73894,1705332838.8882842,1709138605.7297213,1705332838.8882842,tests\resources\test_files,666,True,False,C:\Users\BLUO\Downloads\report\tests\resources\test_files\HealthCanadaOverviewFromWikipedia.pdf,{'message': 'File was not opened'}
tests\resources\test_files\HealthCanadaOverviewFromWikipedia.pptx,False,HealthCanadaOverviewFromWikipedia.pptx,AD/BLUO,.pptx,37021,1705332838.8882842,1709138605.770722,1705332838.8882842,tests\resources\test_files,666,True,False,C:\Users\BLUO\Downloads\report\tests\resources\test_files\HealthCanadaOverviewFromWikipedia.pptx,{'message': 'File was not opened'}
tests\resources\test_files\HealthCanadaOverviewFromWikipedia_corrupted.docx,False,HealthCanadaOverviewFromWikipedia_corrupted.docx,AD/BLUO,.docx,11001,1705332838.9038897,1709137297.8137164,1705332838.9038897,tests\resources\test_files,666,True,False,C:\Users\BLUO\Downloads\report\tests\resources\test_files\HealthCanadaOverviewFromWikipedia_corrupted.docx,{'message': 'File was not opened'}
tests\resources\test_files\HealthCanadaOverviewFromWikipedia_corrupted.pptx,False,HealthCanadaOverviewFromWikipedia_corrupted.pptx,AD/BLUO,.pptx,37021,1705332838.9108934,1709138605.806097,1705332838.9108934,tests\resources\test_files,666,True,False,C:\Users\BLUO\Downloads\report\tests\resources\test_files\HealthCanadaOverviewFromWikipedia_corrupted.pptx,{'message': 'File was not opened'}
tests\resources\test_files\HealthCanadaOverviewFromWikipedia_Locked.docx,False,HealthCanadaOverviewFromWikipedia_Locked.docx,AD/BLUO,.docx,19456,1705332838.8882842,1709138605.8130417,1705332838.8882842,tests\resources\test_files,666,True,False,C:\Users\BLUO\Downloads\report\tests\resources\test_files\HealthCanadaOverviewFromWikipedia_Locked.docx,{'message': 'File was not opened'}
tests\resources\test_files\HealthCanadaOverviewFromWikipedia_Locked.pptx,False,HealthCanadaOverviewFromWikipedia_Locked.pptx,AD/BLUO,.pptx,47104,1705332838.9038897,1709138610.7723446,1705332838.9038897,tests\resources\test_files,666,True,False,C:\Users\BLUO\Downloads\report\tests\resources\test_files\HealthCanadaOverviewFromWikipedia_Locked.pptx,{'message': 'File was not opened'}
tests\resources\test_files\Health_Canada_logo.png,False,Health_Canada_logo.png,AD/BLUO,.png,4125,1705332838.9108934,1709137298.0971832,1705332838.9108934,tests\resources\test_files,666,True,False,C:\Users\BLUO\Downloads\report\tests\resources\test_files\Health_Canada_logo.png,{'message': 'File was not opened'}
tests\resources\test_files\MapCanada.jpg,False,MapCanada.jpg,AD/BLUO,.jpg,1247040,1705332839.911963,1709138617.7240076,1705332839.911963,tests\resources\test_files,666,True,False,C:\Users\BLUO\Downloads\report\tests\resources\test_files\MapCanada.jpg,{'message': 'File was not opened'}
tests\resources\test_files\MapCanada.png,False,MapCanada.png,AD/BLUO,.png,774655,1705332839.9189372,1709138617.7330077,1705332839.9179409,tests\resources\test_files,666,True,False,C:\Users\BLUO\Downloads\report\tests\resources\test_files\MapCanada.png,{'message': 'File was not opened'}
tests\resources\test_files\MapCanada_corrupted.jpg,False,MapCanada_corrupted.jpg,AD/BLUO,.jpg,1247040,1705332839.9259138,1709137298.7155745,1705332839.9249172,tests\resources\test_files,666,True,False,C:\Users\BLUO\Downloads\report\tests\resources\test_files\MapCanada_corrupted.jpg,{'message': 'File was not opened'}
tests\resources\test_files\MapCanada_corrupted.png,False,MapCanada_corrupted.png,AD/BLUO,.png,774655,1705332839.9309075,1709137298.797613,1705332839.9299006,tests\resources\test_files,666,True,False,C:\Users\BLUO\Downloads\report\tests\resources\test_files\MapCanada_corrupted.png,{'message': 'File was not opened'}
tests\resources\test_files\MapleLeaf.gif,False,MapleLeaf.gif,AD/BLUO,.gif,794349,1705332839.9388702,1709137298.8810308,1705332839.9378736,tests\resources\test_files,666,True,False,C:\Users\BLUO\Downloads\report\tests\resources\test_files\MapleLeaf.gif,{'message': 'File was not opened'}
tests\resources\test_files\MapleLeaf.heic,False,MapleLeaf.heic,AD/BLUO,.heic,112295,1705332839.9408636,1709138617.7380083,1705332839.9408636,tests\resources\test_files,666,True,False,C:\Users\BLUO\Downloads\report\tests\resources\test_files\MapleLeaf.heic,{'message': 'File was not opened'}
tests\resources\test_files\MapleLeaf.heif,False,MapleLeaf.heif,AD/BLUO,.heif,112295,1705332839.9438536,1709138617.7460077,1705332839.9438536,tests\resources\test_files,666,True,False,C:\Users\BLUO\Downloads\report\tests\resources\test_files\MapleLeaf.heif,{'message': 'File was not opened'}
tests\resources\test_files\MapleLeaf_corrupted.heic,False,MapleLeaf_corrupted.heic,AD/BLUO,.heic,112295,1705332839.9468434,1709137299.7323015,1705332839.9468434,tests\resources\test_files,666,True,False,C:\Users\BLUO\Downloads\report\tests\resources\test_files\MapleLeaf_corrupted.heic,{'message': 'File was not opened'}
tests\resources\test_files\MapleLeaf_corrupted.heif,False,MapleLeaf_corrupted.heif,AD/BLUO,.heif,112295,1705332839.9498334,1709137299.81971,1705332839.9498334,tests\resources\test_files,666,True,False,C:\Users\BLUO\Downloads\report\tests\resources\test_files\MapleLeaf_corrupted.heif,{'message': 'File was not opened'}
tests\resources\test_files\MSEdgeIcon.gif,False,MSEdgeIcon.gif,AD/BLUO,.gif,2464,1705332839.899006,1709137299.9004586,1705332839.899006,tests\resources\test_files,666,True,False,C:\Users\BLUO\Downloads\report\tests\resources\test_files\MSEdgeIcon.gif,{'message': 'File was not opened'}
tests\resources\test_files\MSEdgeIcon_corrupted.gif,False,MSEdgeIcon_corrupted.gif,AD/BLUO,.gif,2464,1705332839.9009967,1709137299.9387877,1705332839.9000006,tests\resources\test_files,666,True,False,C:\Users\BLUO\Downloads\report\tests\resources\test_files\MSEdgeIcon_corrupted.gif,{'message': 'File was not opened'}
tests\resources\test_files\MSWordIcon.tiff,False,MSWordIcon.tiff,AD/BLUO,.tiff,4822,1705332839.901994,1709137300.0096793,1705332839.901994,tests\resources\test_files,666,True,False,C:\Users\BLUO\Downloads\report\tests\resources\test_files\MSWordIcon.tiff,{'message': 'File was not opened'}
tests\resources\test_files\MSWordIcon_corrupted.tiff,False,MSWordIcon_corrupted.tiff,AD/BLUO,.tiff,4822,1705332839.9039905,1709137300.049317,1705332839.9039905,tests\resources\test_files,666,True,False,C:\Users\BLUO\Downloads\report\tests\resources\test_files\MSWordIcon_corrupted.tiff,{'message': 'File was not opened'}
tests\resources\test_files\ocr_text.gif,False,ocr_text.gif,AD/BLUO,.gif,3360264,1705332840.4498878,1709138617.7750037,1705332840.4478931,tests\resources\test_files,666,True,False,C:\Users\BLUO\Downloads\report\tests\resources\test_files\ocr_text.gif,{'message': 'File was not opened'}
tests\resources\test_files\ocr_text.jpg,False,ocr_text.jpg,AD/BLUO,.jpg,1432800,1705332840.4638398,1709138617.7810068,1705332840.4638398,tests\resources\test_files,666,True,False,C:\Users\BLUO\Downloads\report\tests\resources\test_files\ocr_text.jpg,{'message': 'File was not opened'}
tests\resources\test_files\ocr_text.png,False,ocr_text.png,AD/BLUO,.png,15436900,1705332840.5666175,1709138617.7880092,1705332840.5625741,tests\resources\test_files,666,True,False,C:\Users\BLUO\Downloads\report\tests\resources\test_files\ocr_text.png,{'message': 'File was not opened'}
tests\resources\test_files\ocr_text.tif,False,ocr_text.tif,AD/BLUO,.tif,6064828,1705332840.587495,1709137301.7843106,1705332840.5855017,tests\resources\test_files,666,True,False,C:\Users\BLUO\Downloads\report\tests\resources\test_files\ocr_text.tif,{'message': 'File was not opened'}
tests\resources\test_files\sample.json,False,sample.json,AD/BLUO,.json,200,1705332840.588488,1709137301.8302803,1705332840.588488,tests\resources\test_files,666,True,False,C:\Users\BLUO\Downloads\report\tests\resources\test_files\sample.json,{'message': 'File was not opened'}
tests\resources\test_files\Sample.xml,False,Sample.xml,AD/BLUO,.xml,4548,1705332839.951827,1709137301.9023943,1705332839.951827,tests\resources\test_files,666,True,False,C:\Users\BLUO\Downloads\report\tests\resources\test_files\Sample.xml,{'message': 'File was not opened'}
tests\resources\test_files\SampleReport.docx,False,SampleReport.docx,AD/BLUO,.docx,13999,1705332839.9538202,1709137301.985723,1705332839.9538202,tests\resources\test_files,666,True,False,C:\Users\BLUO\Downloads\report\tests\resources\test_files\SampleReport.docx,{'message': 'File was not opened'}
tests\resources\test_files\SampleReport.pdf,False,SampleReport.pdf,AD/BLUO,.pdf,105687,1705332839.9568102,1709138617.795225,1705332839.9568102,tests\resources\test_files,666,True,False,C:\Users\BLUO\Downloads\report\tests\resources\test_files\SampleReport.pdf,{'message': 'File was not opened'}
tests\resources\test_files\SampleReport.pptx,False,SampleReport.pptx,AD/BLUO,.pptx,47541,1705332839.958804,1709138617.8392255,1705332839.958804,tests\resources\test_files,666,True,False,C:\Users\BLUO\Downloads\report\tests\resources\test_files\SampleReport.pptx,{'message': 'File was not opened'}
tests\resources\test_files\SampleReport.zip,False,SampleReport.zip,AD/BLUO,.zip,64254,1705332839.9607973,1709137303.5934634,1705332839.9607973,tests\resources\test_files,666,True,False,C:\Users\BLUO\Downloads\report\tests\resources\test_files\SampleReport.zip,{'message': 'File was not opened'}
tests\resources\test_files\SampleReportScreenShot.pdf,False,SampleReportScreenShot.pdf,AD/BLUO,.pdf,221345,1705332839.9637885,1709138617.8635294,1705332839.9637885,tests\resources\test_files,666,True,False,C:\Users\BLUO\Downloads\report\tests\resources\test_files\SampleReportScreenShot.pdf,{'message': 'File was not opened'}
tests\resources\test_files\SampleReportScreenShot_corrupted.pdf,False,SampleReportScreenShot_corrupted.pdf,AD/BLUO,.pdf,221345,1705332839.966777,1709138617.9882295,1705332839.9657805,tests\resources\test_files,666,True,False,C:\Users\BLUO\Downloads\report\tests\resources\test_files\SampleReportScreenShot_corrupted.pdf,{'message': 'File was not opened'}
tests\resources\test_files\SampleReport_corrupted.zip,False,SampleReport_corrupted.zip,AD/BLUO,.zip,64254,1705332839.9737668,1709137305.1107361,1705332839.9737668,tests\resources\test_files,666,True,False,C:\Users\BLUO\Downloads\report\tests\resources\test_files\SampleReport_corrupted.zip,{'message': 'File was not opened'}
tests\resources\test_files\SampleReport_Locked.docx,False,SampleReport_Locked.docx,AD/BLUO,.docx,23040,1705332839.967774,1709138617.997231,1705332839.967774,tests\resources\test_files,666,True,False,C:\Users\BLUO\Downloads\report\tests\resources\test_files\SampleReport_Locked.docx,{'message': 'File was not opened'}
tests\resources\test_files\SampleReport_Locked.pdf,False,SampleReport_Locked.pdf,AD/BLUO,.pdf,96195,1705332839.969767,1709138618.808147,1705332839.969767,tests\resources\test_files,666,True,False,C:\Users\BLUO\Downloads\report\tests\resources\test_files\SampleReport_Locked.pdf,{'message': 'File was not opened'}
tests\resources\test_files\SampleReport_Locked.pptx,False,SampleReport_Locked.pptx,AD/BLUO,.pptx,58368,1705332839.9717607,1709138618.82024,1705332839.9717607,tests\resources\test_files,666,True,False,C:\Users\BLUO\Downloads\report\tests\resources\test_files\SampleReport_Locked.pptx,{'message': 'File was not opened'}
tests\resources\test_files\Sample_corrupted.xml,False,Sample_corrupted.xml,AD/BLUO,.xml,4429,1705332839.9747505,1709137302.8883493,1705332839.9747505,tests\resources\test_files,666,True,False,C:\Users\BLUO\Downloads\report\tests\resources\test_files\Sample_corrupted.xml,{'message': 'File was not opened'}
tests\resources\test_files\sample_speech.aiff,False,sample_speech.aiff,AD/BLUO,.aiff,101814,1706892630.578938,1709138621.735406,1706892630.067772,tests\resources\test_files,666,True,False,C:\Users\BLUO\Downloads\report\tests\resources\test_files\sample_speech.aiff,{'message': 'File was not opened'}
tests\resources\test_files\sample_speech.flac,False,sample_speech.flac,AD/BLUO,.flac,211733,1659054528.0,1709138621.742456,1706892668.6448162,tests\resources\test_files,666,True,False,C:\Users\BLUO\Downloads\report\tests\resources\test_files\sample_speech.flac,{'message': 'File was not opened'}
tests\resources\test_files\sample_speech.mp3,False,sample_speech.mp3,AD/BLUO,.mp3,45261,1706903669.0889056,1709138621.7474911,1706892291.557575,tests\resources\test_files,666,True,False,C:\Users\BLUO\Downloads\report\tests\resources\test_files\sample_speech.mp3,{'message': 'File was not opened'}
tests\resources\test_files\sample_speech.mp4,False,sample_speech.mp4,AD/BLUO,.mp4,110016,1706892776.4462345,1709138621.755513,1706892775.7207596,tests\resources\test_files,666,True,False,C:\Users\BLUO\Downloads\report\tests\resources\test_files\sample_speech.mp4,{'message': 'File was not opened'}
tests\resources\test_files\sample_speech.ogg,False,sample_speech.ogg,AD/BLUO,.ogg,65814,1706892651.5067317,1709138621.7640617,1706892650.955084,tests\resources\test_files,666,True,False,C:\Users\BLUO\Downloads\report\tests\resources\test_files\sample_speech.ogg,{'message': 'File was not opened'}
tests\resources\test_files\sample_speech.wav,False,sample_speech.wav,AD/BLUO,.wav,477484,1706897435.3289702,1709138621.7770636,1706892488.8999164,tests\resources\test_files,666,True,False,C:\Users\BLUO\Downloads\report\tests\resources\test_files\sample_speech.wav,{'message': 'File was not opened'}
tests\resources\test_files\sample_speech_corrupted.mp3,False,sample_speech_corrupted.mp3,AD/BLUO,.mp3,0,1707134862.3785012,1707310578.4573433,1706903993.3135118,tests\resources\test_files,666,True,False,C:\Users\BLUO\Downloads\report\tests\resources\test_files\sample_speech_corrupted.mp3,{'message': 'File was not opened'}
tests\resources\test_files\StructureofCanadianFederalGovFromWikipedia_Locked.xlsx,False,StructureofCanadianFederalGovFromWikipedia_Locked.xlsx,AD/BLUO,.xlsx,46080,1705332839.9787397,1709138621.7881143,1705332839.9787397,tests\resources\test_files,666,True,False,C:\Users\BLUO\Downloads\report\tests\resources\test_files\StructureofCanadianFederalGovFromWikipedia_Locked.xlsx,{'message': 'File was not opened'}
tests\resources\test_files\Test Email.msg,False,Test Email.msg,AD/BLUO,.msg,76800,1705332840.4090188,1709138622.7258117,1705332840.4090188,tests\resources\test_files,666,True,False,C:\Users\BLUO\Downloads\report\tests\resources\test_files\Test Email.msg,{'message': 'File was not opened'}
tests\resources\test_files\Test Email_corrupted.msg,False,Test Email_corrupted.msg,AD/BLUO,.msg,76800,1705332840.4110124,1709138622.7539468,1705332840.4110124,tests\resources\test_files,666,True,False,C:\Users\BLUO\Downloads\report\tests\resources\test_files\Test Email_corrupted.msg,{'message': 'File was not opened'}
tests\resources\test_files\Test_excel_file.xlsx,False,Test_excel_file.xlsx,AD/BLUO,.xlsx,11885,1705332840.4130068,1709137303.4066043,1705332840.4130068,tests\resources\test_files,666,True,False,C:\Users\BLUO\Downloads\report\tests\resources\test_files\Test_excel_file.xlsx,{'message': 'File was not opened'}
tests\resources\test_files\Test_excel_file_corrupted.xlsx,False,Test_excel_file_corrupted.xlsx,AD/BLUO,.xlsx,11885,1705332840.4169967,1709137303.457307,1705332840.4169967,tests\resources\test_files,666,True,False,C:\Users\BLUO\Downloads\report\tests\resources\test_files\Test_excel_file_corrupted.xlsx,{'message': 'File was not opened'}
tests\resources\test_files\Test_excel_file_Locked.xlsx,False,Test_excel_file_Locked.xlsx,AD/BLUO,.xlsx,18432,1705332840.4150043,1709138622.80138,1705332840.4150043,tests\resources\test_files,666,True,False,C:\Users\BLUO\Downloads\report\tests\resources\test_files\Test_excel_file_Locked.xlsx,{'message': 'File was not opened'}
tests\resources\test_files\Test_for_RTF.rtf,False,Test_for_RTF.rtf,AD/BLUO,.rtf,103257,1705332840.4189856,1709138626.721397,1705332840.4179933,tests\resources\test_files,666,True,False,C:\Users\BLUO\Downloads\report\tests\resources\test_files\Test_for_RTF.rtf,{'message': 'File was not opened'}
tests\resources\test_files\Test_for_RTF_corrupted.rtf,False,Test_for_RTF_corrupted.rtf,AD/BLUO,.rtf,102774,1705332840.4209795,1709138626.7626863,1705332840.4199834,tests\resources\test_files,666,True,False,C:\Users\BLUO\Downloads\report\tests\resources\test_files\Test_for_RTF_corrupted.rtf,{'message': 'File was not opened'}
tests\resources\test_files\test_ocr_text.gif,False,test_ocr_text.gif,AD/BLUO,.gif,100566,1705332840.5914776,1709138626.7756855,1705332840.5904815,tests\resources\test_files,666,True,False,C:\Users\BLUO\Downloads\report\tests\resources\test_files\test_ocr_text.gif,{'message': 'File was not opened'}
tests\resources\test_files\test_ocr_text.jpg,False,test_ocr_text.jpg,AD/BLUO,.jpg,11106,1705332840.5934713,1709137303.8148777,1705332840.5924802,tests\resources\test_files,666,True,False,C:\Users\BLUO\Downloads\report\tests\resources\test_files\test_ocr_text.jpg,{'message': 'File was not opened'}
tests\resources\test_files\test_ocr_text.pdf,False,test_ocr_text.pdf,AD/BLUO,.pdf,11142,1705332840.5954645,1709137303.8583093,1705332840.5944686,tests\resources\test_files,666,True,False,C:\Users\BLUO\Downloads\report\tests\resources\test_files\test_ocr_text.pdf,{'message': 'File was not opened'}
tests\resources\test_files\test_ocr_text.png,False,test_ocr_text.png,AD/BLUO,.png,4746,1705332840.5964658,1709137303.8931334,1705332840.5964658,tests\resources\test_files,666,True,False,C:\Users\BLUO\Downloads\report\tests\resources\test_files\test_ocr_text.png,{'message': 'File was not opened'}
tests\resources\test_files\test_ocr_text.tif,False,test_ocr_text.tif,AD/BLUO,.tif,7052,1705332840.598459,1709137303.9616303,1705332840.598459,tests\resources\test_files,666,True,False,C:\Users\BLUO\Downloads\report\tests\resources\test_files\test_ocr_text.tif,{'message': 'File was not opened'}
tests\resources\test_files\test_ocr_text.tiff,False,test_ocr_text.tiff,AD/BLUO,.tiff,36268,1705332840.5994554,1709138626.8149796,1705332840.5994554,tests\resources\test_files,666,True,False,C:\Users\BLUO\Downloads\report\tests\resources\test_files\test_ocr_text.tiff,{'message': 'File was not opened'}
tests\resources\test_files\test_ocr_text_2.gif,False,test_ocr_text_2.gif,AD/BLUO,.gif,72603,1705332840.6014485,1709138626.8269794,1705332840.6014485,tests\resources\test_files,666,True,False,C:\Users\BLUO\Downloads\report\tests\resources\test_files\test_ocr_text_2.gif,{'message': 'File was not opened'}
tests\resources\test_files\test_ocr_text_2.jpg,False,test_ocr_text_2.jpg,AD/BLUO,.jpg,11620,1705332840.6024451,1709137304.0923982,1705332840.6024451,tests\resources\test_files,666,True,False,C:\Users\BLUO\Downloads\report\tests\resources\test_files\test_ocr_text_2.jpg,{'message': 'File was not opened'}
tests\resources\test_files\test_ocr_text_2.pdf,False,test_ocr_text_2.pdf,AD/BLUO,.pdf,11609,1705332840.6044383,1709137304.1300623,1705332840.6044383,tests\resources\test_files,666,True,False,C:\Users\BLUO\Downloads\report\tests\resources\test_files\test_ocr_text_2.pdf,{'message': 'File was not opened'}
tests\resources\test_files\test_ocr_text_2.png,False,test_ocr_text_2.png,AD/BLUO,.png,4868,1705332840.6054351,1709137304.1675231,1705332840.6054351,tests\resources\test_files,666,True,False,C:\Users\BLUO\Downloads\report\tests\resources\test_files\test_ocr_text_2.png,{'message': 'File was not opened'}
tests\resources\test_files\test_ocr_text_2.tif,False,test_ocr_text_2.tif,AD/BLUO,.tif,18694,1705332840.6074257,1709138626.8641472,1705332840.606428,tests\resources\test_files,666,True,False,C:\Users\BLUO\Downloads\report\tests\resources\test_files\test_ocr_text_2.tif,{'message': 'File was not opened'}
tests\resources\test_files\test_ocr_text_2.tiff,False,test_ocr_text_2.tiff,AD/BLUO,.tiff,47582,1705332840.6094184,1709138626.872147,1705332840.6084223,tests\resources\test_files,666,True,False,C:\Users\BLUO\Downloads\report\tests\resources\test_files\test_ocr_text_2.tiff,{'message': 'File was not opened'}
tests\resources\test_files\unsupported_file_1.xyz,True,unsupported_file_1.xyz,AD/BLUO,.xyz,17,1705332840.6104198,1709130598.4739008,1705332840.6104198,tests\resources\test_files,666,True,False,C:\Users\BLUO\Downloads\report\tests\resources\test_files\unsupported_file_1.xyz,{'message': 'This is a generic processor. Limited functionality available. File was not opened'}
tests\resources\test_files\unsupported_file_2.abcd,True,unsupported_file_2.abcd,AD/BLUO,.abcd,20,1705332840.6131032,1709130598.4718955,1705332840.6131032,tests\resources\test_files,666,True,False,C:\Users\BLUO\Downloads\report\tests\resources\test_files\unsupported_file_2.abcd,{'message': 'This is a generic processor. Limited functionality available. File was not opened'}
tests\resources\test_files\usa_government_wikipedia.txt,False,usa_government_wikipedia.txt,AD/BLUO,.txt,48230,1705332840.6160998,1709138626.8811467,1705332840.6160998,tests\resources\test_files,666,True,False,C:\Users\BLUO\Downloads\report\tests\resources\test_files\usa_government_wikipedia.txt,{'message': 'File was not opened'}
tests\__pycache__\conftest.cpython-310-pytest-7.4.0.pyc,True,conftest.cpython-310-pytest-7.4.0.pyc,AD/BLUO,.pyc,970,1707158592.4761817,1709231387.7717056,1707158592.4761817,tests\__pycache__,666,True,False,C:\Users\BLUO\Downloads\report\tests\__pycache__\conftest.cpython-310-pytest-7.4.0.pyc,{'message': 'This is a generic processor. Limited functionality available. File was not opened'}
tests\__pycache__\directory_analytics_test.cpython-310-pytest-7.4.0.pyc,True,directory_analytics_test.cpython-310-pytest-7.4.0.pyc,AD/BLUO,.pyc,2948,1707156594.9517722,1709231399.7386074,1707156594.9517722,tests\__pycache__,666,True,False,C:\Users\BLUO\Downloads\report\tests\__pycache__\directory_analytics_test.cpython-310-pytest-7.4.0.pyc,{'message': 'This is a generic processor. Limited functionality available. File was not opened'}
tests\__pycache__\directory_report_test.cpython-310-pytest-7.4.0.pyc,True,directory_report_test.cpython-310-pytest-7.4.0.pyc,AD/BLUO,.pyc,17390,1709209149.4477906,1709231407.4975705,1709209149.4467902,tests\__pycache__,666,True,False,C:\Users\BLUO\Downloads\report\tests\__pycache__\directory_report_test.cpython-310-pytest-7.4.0.pyc,{'message': 'This is a generic processor. Limited functionality available. File was not opened'}
tests\__pycache__\directory_similarity_test.cpython-310-pytest-7.4.0.pyc,True,directory_similarity_test.cpython-310-pytest-7.4.0.pyc,AD/BLUO,.pyc,7382,1707156595.0976756,1709231403.7253425,1707156595.096679,tests\__pycache__,666,True,False,C:\Users\BLUO\Downloads\report\tests\__pycache__\directory_similarity_test.cpython-310-pytest-7.4.0.pyc,{'message': 'This is a generic processor. Limited functionality available. File was not opened'}
tests\__pycache__\directory_test.cpython-310-pytest-7.4.0.pyc,True,directory_test.cpython-310-pytest-7.4.0.pyc,AD/BLUO,.pyc,12964,1705423439.474358,1705423439.474358,1705423439.474358,tests\__pycache__,666,True,False,C:\Users\BLUO\Downloads\report\tests\__pycache__\directory_test.cpython-310-pytest-7.4.0.pyc,{'message': 'This is a generic processor. Limited functionality available. File was not opened'}
tests\__pycache__\test_audio_processor.cpython-310-pytest-7.4.0.pyc,True,test_audio_processor.cpython-310-pytest-7.4.0.pyc,AD/BLUO,.pyc,5218,1707311604.519598,1709231375.1136508,1707311604.5186014,tests\__pycache__,666,True,False,C:\Users\BLUO\Downloads\report\tests\__pycache__\test_audio_processor.cpython-310-pytest-7.4.0.pyc,{'message': 'This is a generic processor. Limited functionality available. File was not opened'}
tests\__pycache__\test_build.cpython-310-pytest-7.4.0.pyc,True,test_build.cpython-310-pytest-7.4.0.pyc,AD/BLUO,.pyc,1047,1706196547.9311457,1706196549.4877045,1706196547.9301522,tests\__pycache__,666,True,False,C:\Users\BLUO\Downloads\report\tests\__pycache__\test_build.cpython-310-pytest-7.4.0.pyc,{'message': 'This is a generic processor. Limited functionality available. File was not opened'}
tests\__pycache__\test_corrupted_files.cpython-310-pytest-7.4.0.pyc,True,test_corrupted_files.cpython-310-pytest-7.4.0.pyc,AD/BLUO,.pyc,2080,1707158625.9306817,1709231375.1216536,1707158625.9306817,tests\__pycache__,666,True,False,C:\Users\BLUO\Downloads\report\tests\__pycache__\test_corrupted_files.cpython-310-pytest-7.4.0.pyc,{'message': 'This is a generic processor. Limited functionality available. File was not opened'}
tests\__pycache__\test_csv_processor.cpython-310-pytest-7.4.0.pyc,True,test_csv_processor.cpython-310-pytest-7.4.0.pyc,AD/BLUO,.pyc,3267,1707158625.945765,1709231375.1285927,1707158625.945765,tests\__pycache__,666,True,False,C:\Users\BLUO\Downloads\report\tests\__pycache__\test_csv_processor.cpython-310-pytest-7.4.0.pyc,{'message': 'This is a generic processor. Limited functionality available. File was not opened'}
tests\__pycache__\test_docx_processor.cpython-310-pytest-7.4.0.pyc,True,test_docx_processor.cpython-310-pytest-7.4.0.pyc,AD/BLUO,.pyc,3966,1707158625.9597144,1709231375.1356456,1707158625.9597144,tests\__pycache__,666,True,False,C:\Users\BLUO\Downloads\report\tests\__pycache__\test_docx_processor.cpython-310-pytest-7.4.0.pyc,{'message': 'This is a generic processor. Limited functionality available. File was not opened'}
tests\__pycache__\test_file_similarity.cpython-310-pytest-7.4.0.pyc,True,test_file_similarity.cpython-310-pytest-7.4.0.pyc,AD/BLUO,.pyc,2420,1707491602.0100524,1709231375.1428754,1707491602.0100524,tests\__pycache__,666,True,False,C:\Users\BLUO\Downloads\report\tests\__pycache__\test_file_similarity.cpython-310-pytest-7.4.0.pyc,{'message': 'This is a generic processor. Limited functionality available. File was not opened'}
tests\__pycache__\test_generic_processor.cpython-310-pytest-7.4.0.pyc,True,test_generic_processor.cpython-310-pytest-7.4.0.pyc,AD/BLUO,.pyc,7252,1707156595.1672778,1709231375.1498747,1707156595.1672778,tests\__pycache__,666,True,False,C:\Users\BLUO\Downloads\report\tests\__pycache__\test_generic_processor.cpython-310-pytest-7.4.0.pyc,{'message': 'This is a generic processor. Limited functionality available. File was not opened'}
tests\__pycache__\test_gif_processor.cpython-310-pytest-7.4.0.pyc,True,test_gif_processor.cpython-310-pytest-7.4.0.pyc,AD/BLUO,.pyc,3220,1707158625.9806485,1709231375.157935,1707158625.9806485,tests\__pycache__,666,True,False,C:\Users\BLUO\Downloads\report\tests\__pycache__\test_gif_processor.cpython-310-pytest-7.4.0.pyc,{'message': 'This is a generic processor. Limited functionality available. File was not opened'}
tests\__pycache__\test_heic_processor.cpython-310-pytest-7.4.0.pyc,True,test_heic_processor.cpython-310-pytest-7.4.0.pyc,AD/BLUO,.pyc,2660,1707158625.9936044,1709231375.165937,1707158625.9936044,tests\__pycache__,666,True,False,C:\Users\BLUO\Downloads\report\tests\__pycache__\test_heic_processor.cpython-310-pytest-7.4.0.pyc,{'message': 'This is a generic processor. Limited functionality available. File was not opened'}
tests\__pycache__\test_html_processor.cpython-310-pytest-7.4.0.pyc,True,test_html_processor.cpython-310-pytest-7.4.0.pyc,AD/BLUO,.pyc,2678,1707158626.0065577,1709231375.1728747,1707158626.0065577,tests\__pycache__,666,True,False,C:\Users\BLUO\Downloads\report\tests\__pycache__\test_html_processor.cpython-310-pytest-7.4.0.pyc,{'message': 'This is a generic processor. Limited functionality available. File was not opened'}
tests\__pycache__\test_jpeg_processor.cpython-310-pytest-7.4.0.pyc,True,test_jpeg_processor.cpython-310-pytest-7.4.0.pyc,AD/BLUO,.pyc,2662,1707158626.018517,1709231375.1809435,1707158626.018517,tests\__pycache__,666,True,False,C:\Users\BLUO\Downloads\report\tests\__pycache__\test_jpeg_processor.cpython-310-pytest-7.4.0.pyc,{'message': 'This is a generic processor. Limited functionality available. File was not opened'}
tests\__pycache__\test_json_processor.cpython-310-pytest-7.4.0.pyc,True,test_json_processor.cpython-310-pytest-7.4.0.pyc,AD/BLUO,.pyc,2655,1707158626.0334678,1709231375.1883,1707158626.0334678,tests\__pycache__,666,True,False,C:\Users\BLUO\Downloads\report\tests\__pycache__\test_json_processor.cpython-310-pytest-7.4.0.pyc,{'message': 'This is a generic processor. Limited functionality available. File was not opened'}
tests\__pycache__\test_msg_processor.cpython-310-pytest-7.4.0.pyc,True,test_msg_processor.cpython-310-pytest-7.4.0.pyc,AD/BLUO,.pyc,3356,1707158626.0478017,1709231375.1953044,1707158626.04656,tests\__pycache__,666,True,False,C:\Users\BLUO\Downloads\report\tests\__pycache__\test_msg_processor.cpython-310-pytest-7.4.0.pyc,{'message': 'This is a generic processor. Limited functionality available. File was not opened'}
tests\__pycache__\test_ocr_decorator.cpython-310-pytest-7.4.0.pyc,True,test_ocr_decorator.cpython-310-pytest-7.4.0.pyc,AD/BLUO,.pyc,2936,1709209149.5489156,1709231375.203365,1709209149.5489156,tests\__pycache__,666,True,False,C:\Users\BLUO\Downloads\report\tests\__pycache__\test_ocr_decorator.cpython-310-pytest-7.4.0.pyc,{'message': 'This is a generic processor. Limited functionality available. File was not opened'}
tests\__pycache__\test_pdf_processor.cpython-310-pytest-7.4.0.pyc,True,test_pdf_processor.cpython-310-pytest-7.4.0.pyc,AD/BLUO,.pyc,3117,1707158626.0741224,1709231375.209357,1707158626.0741224,tests\__pycache__,666,True,False,C:\Users\BLUO\Downloads\report\tests\__pycache__\test_pdf_processor.cpython-310-pytest-7.4.0.pyc,{'message': 'This is a generic processor. Limited functionality available. File was not opened'}
tests\__pycache__\test_png_processor.cpython-310-pytest-7.4.0.pyc,True,test_png_processor.cpython-310-pytest-7.4.0.pyc,AD/BLUO,.pyc,2665,1707158626.0870793,1709231375.2187066,1707158626.0870793,tests\__pycache__,666,True,False,C:\Users\BLUO\Downloads\report\tests\__pycache__\test_png_processor.cpython-310-pytest-7.4.0.pyc,{'message': 'This is a generic processor. Limited functionality available. File was not opened'}
tests\__pycache__\test_pptx_processor.cpython-310-pytest-7.4.0.pyc,True,test_pptx_processor.cpython-310-pytest-7.4.0.pyc,AD/BLUO,.pyc,4184,1707158626.1020255,1709231375.2257018,1707158626.1010292,tests\__pycache__,666,True,False,C:\Users\BLUO\Downloads\report\tests\__pycache__\test_pptx_processor.cpython-310-pytest-7.4.0.pyc,{'message': 'This is a generic processor. Limited functionality available. File was not opened'}
tests\__pycache__\test_py_processor.cpython-310-pytest-7.4.0.pyc,True,test_py_processor.cpython-310-pytest-7.4.0.pyc,AD/BLUO,.pyc,3000,1707158626.1159787,1709231375.2337267,1707158626.1159787,tests\__pycache__,666,True,False,C:\Users\BLUO\Downloads\report\tests\__pycache__\test_py_processor.cpython-310-pytest-7.4.0.pyc,{'message': 'This is a generic processor. Limited functionality available. File was not opened'}
tests\__pycache__\test_rtf_processor.cpython-310-pytest-7.4.0.pyc,True,test_rtf_processor.cpython-310-pytest-7.4.0.pyc,AD/BLUO,.pyc,2212,1707158626.128939,1709231375.2397008,1707158626.128939,tests\__pycache__,666,True,False,C:\Users\BLUO\Downloads\report\tests\__pycache__\test_rtf_processor.cpython-310-pytest-7.4.0.pyc,{'message': 'This is a generic processor. Limited functionality available. File was not opened'}
tests\__pycache__\test_temp_processor.cpython-310-pytest-7.4.0.pyc,True,test_temp_processor.cpython-310-pytest-7.4.0.pyc,AD/BLUO,.pyc,1045,1706643222.3430285,1706643244.2781894,1706643222.3430285,tests\__pycache__,666,True,False,C:\Users\BLUO\Downloads\report\tests\__pycache__\test_temp_processor.cpython-310-pytest-7.4.0.pyc,{'message': 'This is a generic processor. Limited functionality available. File was not opened'}
tests\__pycache__\test_test.cpython-310-pytest-7.4.0.pyc,True,test_test.cpython-310-pytest-7.4.0.pyc,AD/BLUO,.pyc,1035,1706643148.9282722,1706643148.9282722,1706643148.9282722,tests\__pycache__,666,True,False,C:\Users\BLUO\Downloads\report\tests\__pycache__\test_test.cpython-310-pytest-7.4.0.pyc,{'message': 'This is a generic processor. Limited functionality available. File was not opened'}
tests\__pycache__\test_tif_processor.cpython-310-pytest-7.4.0.pyc,True,test_tif_processor.cpython-310-pytest-7.4.0.pyc,AD/BLUO,.pyc,2657,1707158626.1418917,1709231375.24836,1707158626.1418917,tests\__pycache__,666,True,False,C:\Users\BLUO\Downloads\report\tests\__pycache__\test_tif_processor.cpython-310-pytest-7.4.0.pyc,{'message': 'This is a generic processor. Limited functionality available. File was not opened'}
tests\__pycache__\test_transcription_decorator.cpython-310-pytest-7.4.0.pyc,True,test_transcription_decorator.cpython-310-pytest-7.4.0.pyc,AD/BLUO,.pyc,3360,1709209149.6009135,1709231375.2554193,1709209149.6009135,tests\__pycache__,666,True,False,C:\Users\BLUO\Downloads\report\tests\__pycache__\test_transcription_decorator.cpython-310-pytest-7.4.0.pyc,{'message': 'This is a generic processor. Limited functionality available. File was not opened'}
tests\__pycache__\test_txt_processor.cpython-310-pytest-7.4.0.pyc,True,test_txt_processor.cpython-310-pytest-7.4.0.pyc,AD/BLUO,.pyc,2680,1707158626.292624,1709231375.2623534,1707158626.292624,tests\__pycache__,666,True,False,C:\Users\BLUO\Downloads\report\tests\__pycache__\test_txt_processor.cpython-310-pytest-7.4.0.pyc,{'message': 'This is a generic processor. Limited functionality available. File was not opened'}
tests\__pycache__\test_xlsx_processor.cpython-310-pytest-7.4.0.pyc,True,test_xlsx_processor.cpython-310-pytest-7.4.0.pyc,AD/BLUO,.pyc,4257,1707158626.3085637,1709231375.2694163,1707158626.3075666,tests\__pycache__,666,True,False,C:\Users\BLUO\Downloads\report\tests\__pycache__\test_xlsx_processor.cpython-310-pytest-7.4.0.pyc,{'message': 'This is a generic processor. Limited functionality available. File was not opened'}
tests\__pycache__\test_xml_processor.cpython-310-pytest-7.4.0.pyc,True,test_xml_processor.cpython-310-pytest-7.4.0.pyc,AD/BLUO,.pyc,2647,1707158626.32152,1709231375.2764134,1707158626.32152,tests\__pycache__,666,True,False,C:\Users\BLUO\Downloads\report\tests\__pycache__\test_xml_processor.cpython-310-pytest-7.4.0.pyc,{'message': 'This is a generic processor. Limited functionality available. File was not opened'}
tests\__pycache__\test_zip_processor.cpython-310-pytest-7.4.0.pyc,True,test_zip_processor.cpython-310-pytest-7.4.0.pyc,AD/BLUO,.pyc,5779,1707158626.33647,1709231375.284416,1707158626.33647,tests\__pycache__,666,True,False,C:\Users\BLUO\Downloads\report\tests\__pycache__\test_zip_processor.cpython-310-pytest-7.4.0.pyc,{'message': 'This is a generic processor. Limited functionality available. File was not opened'}
tests\__pycache__\__init__.cpython-310.pyc,True,__init__.cpython-310.pyc,AD/BLUO,.pyc,141,1706124001.5939949,1709231387.7674391,1706124001.5939949,tests\__pycache__,666,True,False,C:\Users\BLUO\Downloads\report\tests\__pycache__\__init__.cpython-310.pyc,{'message': 'This is a generic processor. Limited functionality available. File was not opened'}
