,File Path,File Name,Extension,Size (MB),Modification Time,Access Time,Creation Time,Parent Directory,Is File,Is Symlink,Absolute Path,Num Lines,Num Functions,Num Classes,Encoding,Num Rows,Num Cols,Num Cells,Empty Cells,Has Password,Num Words,Author,Last Modified By,Original Format,Mode,Width,Height,Num Slides,Subject,Date,Sender,Active Sheet,Sheet Names,Data,Creator,Num Files,File Types,File Names,Error,Num Keys,Key Names,Empty Values,Bitrate,Length,Artist,Title,Organization,Animated,Frames,Message
0,C:\Users\BLUO\Downloads\report\tests\conftest.py,conftest.py,.py,0.000781,2024-01-15 15:33:58,2024-01-17 14:13:37,2024-01-15 15:33:58,C:\Users\BLUO\Downloads\report\tests,1,0,C:\Users\BLUO\Downloads\report\tests\conftest.py,22.0,2.0,0.0,N/A,N/A,N/A,N/A,N/A,N/A,N/A,N/A,N/A,N/A,N/A,N/A,N/A,N/A,N/A,N/A,N/A,N/A,N/A,N/A,N/A,N/A,N/A,N/A,N/A,N/A,N/A,N/A,N/A,N/A,N/A,N/A,N/A,N/A,N/A,N/A
1,C:\Users\BLUO\Downloads\report\tests\directory_analytics_test.py,directory_analytics_test.py,.py,0.001944,2024-01-16 17:56:19,2024-01-17 13:03:43,2024-01-16 16:45:35,C:\Users\BLUO\Downloads\report\tests,1,0,C:\Users\BLUO\Downloads\report\tests\directory_analytics_test.py,56.0,4.0,0.0,N/A,N/A,N/A,N/A,N/A,N/A,N/A,N/A,N/A,N/A,N/A,N/A,N/A,N/A,N/A,N/A,N/A,N/A,N/A,N/A,N/A,N/A,N/A,N/A,N/A,N/A,N/A,N/A,N/A,N/A,N/A,N/A,N/A,N/A,N/A,N/A
2,C:\Users\BLUO\Downloads\report\tests\directory_report_test.py,directory_report_test.py,.py,0.006582,2024-01-16 17:55:36,2024-01-17 14:13:37,2024-01-15 15:33:58,C:\Users\BLUO\Downloads\report\tests,1,0,C:\Users\BLUO\Downloads\report\tests\directory_report_test.py,151.0,10.0,0.0,N/A,N/A,N/A,N/A,N/A,N/A,N/A,N/A,N/A,N/A,N/A,N/A,N/A,N/A,N/A,N/A,N/A,N/A,N/A,N/A,N/A,N/A,N/A,N/A,N/A,N/A,N/A,N/A,N/A,N/A,N/A,N/A,N/A,N/A,N/A,N/A
3,C:\Users\BLUO\Downloads\report\tests\test_audio_processor.py,test_audio_processor.py,.py,0.004997,2024-01-15 15:34:01,2024-01-17 12:59:50,2024-01-15 15:34:01,C:\Users\BLUO\Downloads\report\tests,1,0,C:\Users\BLUO\Downloads\report\tests\test_audio_processor.py,121.0,7.0,0.0,N/A,N/A,N/A,N/A,N/A,N/A,N/A,N/A,N/A,N/A,N/A,N/A,N/A,N/A,N/A,N/A,N/A,N/A,N/A,N/A,N/A,N/A,N/A,N/A,N/A,N/A,N/A,N/A,N/A,N/A,N/A,N/A,N/A,N/A,N/A,N/A
4,C:\Users\BLUO\Downloads\report\tests\test_corrupted_files.py,test_corrupted_files.py,.py,0.00196,2024-01-15 15:34:01,2024-01-17 12:59:50,2024-01-15 15:34:01,C:\Users\BLUO\Downloads\report\tests,1,0,C:\Users\BLUO\Downloads\report\tests\test_corrupted_files.py,43.0,2.0,0.0,N/A,N/A,N/A,N/A,N/A,N/A,N/A,N/A,N/A,N/A,N/A,N/A,N/A,N/A,N/A,N/A,N/A,N/A,N/A,N/A,N/A,N/A,N/A,N/A,N/A,N/A,N/A,N/A,N/A,N/A,N/A,N/A,N/A,N/A,N/A,N/A
5,C:\Users\BLUO\Downloads\report\tests\test_csv_processor.py,test_csv_processor.py,.py,0.001948,2024-01-15 15:34:01,2024-01-17 12:59:50,2024-01-15 15:34:01,C:\Users\BLUO\Downloads\report\tests,1,0,C:\Users\BLUO\Downloads\report\tests\test_csv_processor.py,43.0,4.0,0.0,N/A,N/A,N/A,N/A,N/A,N/A,N/A,N/A,N/A,N/A,N/A,N/A,N/A,N/A,N/A,N/A,N/A,N/A,N/A,N/A,N/A,N/A,N/A,N/A,N/A,N/A,N/A,N/A,N/A,N/A,N/A,N/A,N/A,N/A,N/A,N/A
6,C:\Users\BLUO\Downloads\report\tests\test_docx_processor.py,test_docx_processor.py,.py,0.002777,2024-01-15 15:34:01,2024-01-17 12:59:50,2024-01-15 15:34:01,C:\Users\BLUO\Downloads\report\tests,1,0,C:\Users\BLUO\Downloads\report\tests\test_docx_processor.py,73.0,6.0,0.0,N/A,N/A,N/A,N/A,N/A,N/A,N/A,N/A,N/A,N/A,N/A,N/A,N/A,N/A,N/A,N/A,N/A,N/A,N/A,N/A,N/A,N/A,N/A,N/A,N/A,N/A,N/A,N/A,N/A,N/A,N/A,N/A,N/A,N/A,N/A,N/A
7,C:\Users\BLUO\Downloads\report\tests\test_generic_processor.py,test_generic_processor.py,.py,0.001743,2024-01-15 15:34:01,2024-01-17 12:59:50,2024-01-15 15:34:01,C:\Users\BLUO\Downloads\report\tests,1,0,C:\Users\BLUO\Downloads\report\tests\test_generic_processor.py,44.0,3.0,0.0,N/A,N/A,N/A,N/A,N/A,N/A,N/A,N/A,N/A,N/A,N/A,N/A,N/A,N/A,N/A,N/A,N/A,N/A,N/A,N/A,N/A,N/A,N/A,N/A,N/A,N/A,N/A,N/A,N/A,N/A,N/A,N/A,N/A,N/A,N/A,N/A
8,C:\Users\BLUO\Downloads\report\tests\test_gif_processor.py,test_gif_processor.py,.py,0.001753,2024-01-15 15:34:01,2024-01-17 12:59:50,2024-01-15 15:34:01,C:\Users\BLUO\Downloads\report\tests,1,0,C:\Users\BLUO\Downloads\report\tests\test_gif_processor.py,43.0,4.0,0.0,N/A,N/A,N/A,N/A,N/A,N/A,N/A,N/A,N/A,N/A,N/A,N/A,N/A,N/A,N/A,N/A,N/A,N/A,N/A,N/A,N/A,N/A,N/A,N/A,N/A,N/A,N/A,N/A,N/A,N/A,N/A,N/A,N/A,N/A,N/A,N/A
9,C:\Users\BLUO\Downloads\report\tests\test_heic_processor.py,test_heic_processor.py,.py,0.001571,2024-01-15 15:34:01,2024-01-17 12:59:50,2024-01-15 15:34:01,C:\Users\BLUO\Downloads\report\tests,1,0,C:\Users\BLUO\Downloads\report\tests\test_heic_processor.py,41.0,4.0,0.0,N/A,N/A,N/A,N/A,N/A,N/A,N/A,N/A,N/A,N/A,N/A,N/A,N/A,N/A,N/A,N/A,N/A,N/A,N/A,N/A,N/A,N/A,N/A,N/A,N/A,N/A,N/A,N/A,N/A,N/A,N/A,N/A,N/A,N/A,N/A,N/A
10,C:\Users\BLUO\Downloads\report\tests\test_html_processor.py,test_html_processor.py,.py,0.001446,2024-01-15 15:34:01,2024-01-17 12:59:50,2024-01-15 15:34:01,C:\Users\BLUO\Downloads\report\tests,1,0,C:\Users\BLUO\Downloads\report\tests\test_html_processor.py,40.0,4.0,0.0,N/A,N/A,N/A,N/A,N/A,N/A,N/A,N/A,N/A,N/A,N/A,N/A,N/A,N/A,N/A,N/A,N/A,N/A,N/A,N/A,N/A,N/A,N/A,N/A,N/A,N/A,N/A,N/A,N/A,N/A,N/A,N/A,N/A,N/A,N/A,N/A
11,C:\Users\BLUO\Downloads\report\tests\test_jpeg_processor.py,test_jpeg_processor.py,.py,0.001575,2024-01-15 15:34:01,2024-01-17 12:59:50,2024-01-15 15:34:01,C:\Users\BLUO\Downloads\report\tests,1,0,C:\Users\BLUO\Downloads\report\tests\test_jpeg_processor.py,42.0,4.0,0.0,N/A,N/A,N/A,N/A,N/A,N/A,N/A,N/A,N/A,N/A,N/A,N/A,N/A,N/A,N/A,N/A,N/A,N/A,N/A,N/A,N/A,N/A,N/A,N/A,N/A,N/A,N/A,N/A,N/A,N/A,N/A,N/A,N/A,N/A,N/A,N/A
12,C:\Users\BLUO\Downloads\report\tests\test_json_processor.py,test_json_processor.py,.py,0.001694,2024-01-15 15:34:01,2024-01-17 12:59:50,2024-01-15 15:34:01,C:\Users\BLUO\Downloads\report\tests,1,0,C:\Users\BLUO\Downloads\report\tests\test_json_processor.py,40.0,4.0,0.0,N/A,N/A,N/A,N/A,N/A,N/A,N/A,N/A,N/A,N/A,N/A,N/A,N/A,N/A,N/A,N/A,N/A,N/A,N/A,N/A,N/A,N/A,N/A,N/A,N/A,N/A,N/A,N/A,N/A,N/A,N/A,N/A,N/A,N/A,N/A,N/A
13,C:\Users\BLUO\Downloads\report\tests\test_msg_processor.py,test_msg_processor.py,.py,0.001784,2024-01-15 15:34:01,2024-01-17 12:59:50,2024-01-15 15:34:01,C:\Users\BLUO\Downloads\report\tests,1,0,C:\Users\BLUO\Downloads\report\tests\test_msg_processor.py,42.0,4.0,0.0,N/A,N/A,N/A,N/A,N/A,N/A,N/A,N/A,N/A,N/A,N/A,N/A,N/A,N/A,N/A,N/A,N/A,N/A,N/A,N/A,N/A,N/A,N/A,N/A,N/A,N/A,N/A,N/A,N/A,N/A,N/A,N/A,N/A,N/A,N/A,N/A
14,C:\Users\BLUO\Downloads\report\tests\test_ocr_decorator.py,test_ocr_decorator.py,.py,0.002445,2024-01-15 15:34:01,2024-01-17 12:59:50,2024-01-15 15:34:01,C:\Users\BLUO\Downloads\report\tests,1,0,C:\Users\BLUO\Downloads\report\tests\test_ocr_decorator.py,50.0,4.0,0.0,N/A,N/A,N/A,N/A,N/A,N/A,N/A,N/A,N/A,N/A,N/A,N/A,N/A,N/A,N/A,N/A,N/A,N/A,N/A,N/A,N/A,N/A,N/A,N/A,N/A,N/A,N/A,N/A,N/A,N/A,N/A,N/A,N/A,N/A,N/A,N/A
15,C:\Users\BLUO\Downloads\report\tests\test_pdf_processor.py,test_pdf_processor.py,.py,0.001487,2024-01-15 15:34:01,2024-01-17 12:59:50,2024-01-15 15:34:01,C:\Users\BLUO\Downloads\report\tests,1,0,C:\Users\BLUO\Downloads\report\tests\test_pdf_processor.py,44.0,4.0,0.0,N/A,N/A,N/A,N/A,N/A,N/A,N/A,N/A,N/A,N/A,N/A,N/A,N/A,N/A,N/A,N/A,N/A,N/A,N/A,N/A,N/A,N/A,N/A,N/A,N/A,N/A,N/A,N/A,N/A,N/A,N/A,N/A,N/A,N/A,N/A,N/A
16,C:\Users\BLUO\Downloads\report\tests\test_png_processor.py,test_png_processor.py,.py,0.001743,2024-01-15 15:34:01,2024-01-17 12:59:50,2024-01-15 15:34:01,C:\Users\BLUO\Downloads\report\tests,1,0,C:\Users\BLUO\Downloads\report\tests\test_png_processor.py,45.0,4.0,0.0,N/A,N/A,N/A,N/A,N/A,N/A,N/A,N/A,N/A,N/A,N/A,N/A,N/A,N/A,N/A,N/A,N/A,N/A,N/A,N/A,N/A,N/A,N/A,N/A,N/A,N/A,N/A,N/A,N/A,N/A,N/A,N/A,N/A,N/A,N/A,N/A
17,C:\Users\BLUO\Downloads\report\tests\test_pptx_processor.py,test_pptx_processor.py,.py,0.00297,2024-01-15 15:34:01,2024-01-17 12:59:50,2024-01-15 15:34:01,C:\Users\BLUO\Downloads\report\tests,1,0,C:\Users\BLUO\Downloads\report\tests\test_pptx_processor.py,74.0,6.0,0.0,N/A,N/A,N/A,N/A,N/A,N/A,N/A,N/A,N/A,N/A,N/A,N/A,N/A,N/A,N/A,N/A,N/A,N/A,N/A,N/A,N/A,N/A,N/A,N/A,N/A,N/A,N/A,N/A,N/A,N/A,N/A,N/A,N/A,N/A,N/A,N/A
18,C:\Users\BLUO\Downloads\report\tests\test_py_processor.py,test_py_processor.py,.py,0.001864,2024-01-15 15:34:01,2024-01-17 12:59:50,2024-01-15 15:34:01,C:\Users\BLUO\Downloads\report\tests,1,0,C:\Users\BLUO\Downloads\report\tests\test_py_processor.py,48.0,4.0,0.0,N/A,N/A,N/A,N/A,N/A,N/A,N/A,N/A,N/A,N/A,N/A,N/A,N/A,N/A,N/A,N/A,N/A,N/A,N/A,N/A,N/A,N/A,N/A,N/A,N/A,N/A,N/A,N/A,N/A,N/A,N/A,N/A,N/A,N/A,N/A,N/A
19,C:\Users\BLUO\Downloads\report\tests\test_rtf_processor.py,test_rtf_processor.py,.py,0.0012,2024-01-15 15:34:01,2024-01-17 12:59:50,2024-01-15 15:34:01,C:\Users\BLUO\Downloads\report\tests,1,0,C:\Users\BLUO\Downloads\report\tests\test_rtf_processor.py,36.0,4.0,0.0,N/A,N/A,N/A,N/A,N/A,N/A,N/A,N/A,N/A,N/A,N/A,N/A,N/A,N/A,N/A,N/A,N/A,N/A,N/A,N/A,N/A,N/A,N/A,N/A,N/A,N/A,N/A,N/A,N/A,N/A,N/A,N/A,N/A,N/A,N/A,N/A
20,C:\Users\BLUO\Downloads\report\tests\test_tif_processor.py,test_tif_processor.py,.py,0.001559,2024-01-15 15:34:01,2024-01-17 12:59:50,2024-01-15 15:34:01,C:\Users\BLUO\Downloads\report\tests,1,0,C:\Users\BLUO\Downloads\report\tests\test_tif_processor.py,41.0,4.0,0.0,N/A,N/A,N/A,N/A,N/A,N/A,N/A,N/A,N/A,N/A,N/A,N/A,N/A,N/A,N/A,N/A,N/A,N/A,N/A,N/A,N/A,N/A,N/A,N/A,N/A,N/A,N/A,N/A,N/A,N/A,N/A,N/A,N/A,N/A,N/A,N/A
21,C:\Users\BLUO\Downloads\report\tests\test_transcription_decorator.py,test_transcription_decorator.py,.py,0.002039,2024-01-15 15:34:01,2024-01-17 13:32:47,2024-01-15 15:34:01,C:\Users\BLUO\Downloads\report\tests,1,0,C:\Users\BLUO\Downloads\report\tests\test_transcription_decorator.py,33.0,3.0,0.0,N/A,N/A,N/A,N/A,N/A,N/A,N/A,N/A,N/A,N/A,N/A,N/A,N/A,N/A,N/A,N/A,N/A,N/A,N/A,N/A,N/A,N/A,N/A,N/A,N/A,N/A,N/A,N/A,N/A,N/A,N/A,N/A,N/A,N/A,N/A,N/A
22,C:\Users\BLUO\Downloads\report\tests\test_txt_processor.py,test_txt_processor.py,.py,0.001541,2024-01-15 15:34:01,2024-01-17 13:32:47,2024-01-15 15:34:01,C:\Users\BLUO\Downloads\report\tests,1,0,C:\Users\BLUO\Downloads\report\tests\test_txt_processor.py,40.0,4.0,0.0,N/A,N/A,N/A,N/A,N/A,N/A,N/A,N/A,N/A,N/A,N/A,N/A,N/A,N/A,N/A,N/A,N/A,N/A,N/A,N/A,N/A,N/A,N/A,N/A,N/A,N/A,N/A,N/A,N/A,N/A,N/A,N/A,N/A,N/A,N/A,N/A
23,C:\Users\BLUO\Downloads\report\tests\test_xlsx_processor.py,test_xlsx_processor.py,.py,0.002595,2024-01-15 15:34:01,2024-01-17 13:32:47,2024-01-15 15:34:01,C:\Users\BLUO\Downloads\report\tests,1,0,C:\Users\BLUO\Downloads\report\tests\test_xlsx_processor.py,60.0,5.0,0.0,N/A,N/A,N/A,N/A,N/A,N/A,N/A,N/A,N/A,N/A,N/A,N/A,N/A,N/A,N/A,N/A,N/A,N/A,N/A,N/A,N/A,N/A,N/A,N/A,N/A,N/A,N/A,N/A,N/A,N/A,N/A,N/A,N/A,N/A,N/A,N/A
24,C:\Users\BLUO\Downloads\report\tests\test_xml_processor.py,test_xml_processor.py,.py,0.001408,2024-01-15 15:34:01,2024-01-17 13:32:47,2024-01-15 15:34:01,C:\Users\BLUO\Downloads\report\tests,1,0,C:\Users\BLUO\Downloads\report\tests\test_xml_processor.py,38.0,4.0,0.0,N/A,N/A,N/A,N/A,N/A,N/A,N/A,N/A,N/A,N/A,N/A,N/A,N/A,N/A,N/A,N/A,N/A,N/A,N/A,N/A,N/A,N/A,N/A,N/A,N/A,N/A,N/A,N/A,N/A,N/A,N/A,N/A,N/A,N/A,N/A,N/A
25,C:\Users\BLUO\Downloads\report\tests\test_zip_processor.py,test_zip_processor.py,.py,0.002608,2024-01-16 16:58:57,2024-01-17 13:32:47,2024-01-15 15:34:01,C:\Users\BLUO\Downloads\report\tests,1,0,C:\Users\BLUO\Downloads\report\tests\test_zip_processor.py,71.0,7.0,0.0,N/A,N/A,N/A,N/A,N/A,N/A,N/A,N/A,N/A,N/A,N/A,N/A,N/A,N/A,N/A,N/A,N/A,N/A,N/A,N/A,N/A,N/A,N/A,N/A,N/A,N/A,N/A,N/A,N/A,N/A,N/A,N/A,N/A,N/A,N/A,N/A
26,C:\Users\BLUO\Downloads\report\tests\__init__.py,__init__.py,.py,0.0,2024-01-15 15:33:58,2024-01-15 15:33:58,2024-01-15 15:33:58,C:\Users\BLUO\Downloads\report\tests,1,0,C:\Users\BLUO\Downloads\report\tests\__init__.py,0.0,0.0,0.0,N/A,N/A,N/A,N/A,N/A,N/A,N/A,N/A,N/A,N/A,N/A,N/A,N/A,N/A,N/A,N/A,N/A,N/A,N/A,N/A,N/A,N/A,N/A,N/A,N/A,N/A,N/A,N/A,N/A,N/A,N/A,N/A,N/A,N/A,N/A,N/A
27,C:\Users\BLUO\Downloads\report\tests\resources\directory_test_files\2021_Census_English.csv,2021_Census_English.csv,.csv,5.384414,2024-01-15 15:33:58,2024-01-17 14:56:00,2024-01-15 15:33:58,C:\Users\BLUO\Downloads\report\tests\resources\directory_test_files,1,0,C:\Users\BLUO\Downloads\report\tests\resources\directory_test_files\2021_Census_English.csv,N/A,N/A,N/A,ISO-8859-1,36835.0,23.0,847205.0,253932.0,N/A,N/A,N/A,N/A,N/A,N/A,N/A,N/A,N/A,N/A,N/A,N/A,N/A,N/A,N/A,N/A,N/A,N/A,N/A,N/A,N/A,N/A,N/A,N/A,N/A,N/A,N/A,N/A,N/A,N/A,N/A
28,C:\Users\BLUO\Downloads\report\tests\resources\directory_test_files\ArtificialNeuralNetworksForBeginners.pdf,ArtificialNeuralNetworksForBeginners.pdf,.pdf,0.221266,2024-01-15 15:33:58,2024-01-17 14:56:00,2024-01-15 15:33:58,C:\Users\BLUO\Downloads\report\tests\resources\directory_test_files,1,0,C:\Users\BLUO\Downloads\report\tests\resources\directory_test_files\ArtificialNeuralNetworksForBeginners.pdf,N/A,N/A,N/A,N/A,N/A,N/A,N/A,N/A,False,N/A,N/A,N/A,N/A,N/A,N/A,N/A,N/A,N/A,N/A,N/A,N/A,N/A,N/A,N/A,N/A,N/A,N/A,N/A,N/A,N/A,N/A,N/A,N/A,N/A,N/A,N/A,N/A,N/A,N/A
29,C:\Users\BLUO\Downloads\report\tests\resources\directory_test_files\ArtificialNeuralNetworksForBeginners_Locked.pdf,ArtificialNeuralNetworksForBeginners_Locked.pdf,.pdf,0.222102,2024-01-15 15:33:58,2024-01-17 14:56:01,2024-01-15 15:33:58,C:\Users\BLUO\Downloads\report\tests\resources\directory_test_files,1,0,C:\Users\BLUO\Downloads\report\tests\resources\directory_test_files\ArtificialNeuralNetworksForBeginners_Locked.pdf,N/A,N/A,N/A,N/A,N/A,N/A,N/A,N/A,True,N/A,N/A,N/A,N/A,N/A,N/A,N/A,N/A,N/A,N/A,N/A,N/A,N/A,N/A,N/A,N/A,N/A,N/A,N/A,N/A,N/A,N/A,N/A,N/A,N/A,N/A,N/A,N/A,N/A,N/A
30,C:\Users\BLUO\Downloads\report\tests\resources\directory_test_files\government_of_canada_wikipedia.txt,government_of_canada_wikipedia.txt,.txt,0.039357,2024-01-15 15:33:59,2024-01-17 14:56:01,2024-01-15 15:33:59,C:\Users\BLUO\Downloads\report\tests\resources\directory_test_files,1,0,C:\Users\BLUO\Downloads\report\tests\resources\directory_test_files\government_of_canada_wikipedia.txt,306.0,N/A,N/A,utf-8,N/A,N/A,N/A,N/A,N/A,5691.0,N/A,N/A,N/A,N/A,N/A,N/A,N/A,N/A,N/A,N/A,N/A,N/A,N/A,N/A,N/A,N/A,N/A,N/A,N/A,N/A,N/A,N/A,N/A,N/A,N/A,N/A,N/A,N/A,N/A
31,C:\Users\BLUO\Downloads\report\tests\resources\directory_test_files\Health - Canada.ca.html,Health - Canada.ca.html,.html,0.168865,2024-01-15 15:33:58,2024-01-17 14:56:01,2024-01-15 15:33:58,C:\Users\BLUO\Downloads\report\tests\resources\directory_test_files,1,0,C:\Users\BLUO\Downloads\report\tests\resources\directory_test_files\Health - Canada.ca.html,3439.0,N/A,N/A,utf-8,N/A,N/A,N/A,N/A,N/A,11162.0,N/A,N/A,N/A,N/A,N/A,N/A,N/A,N/A,N/A,N/A,N/A,N/A,N/A,N/A,N/A,N/A,N/A,N/A,N/A,N/A,N/A,N/A,N/A,N/A,N/A,N/A,N/A,N/A,N/A
32,C:\Users\BLUO\Downloads\report\tests\resources\directory_test_files\HealthCanadaOverviewFromWikipedia_Locked.docx,HealthCanadaOverviewFromWikipedia_Locked.docx,.docx,0.019456,2024-01-15 15:33:58,2024-01-17 14:56:01,2024-01-15 15:33:58,C:\Users\BLUO\Downloads\report\tests\resources\directory_test_files,1,0,C:\Users\BLUO\Downloads\report\tests\resources\directory_test_files\HealthCanadaOverviewFromWikipedia_Locked.docx,N/A,N/A,N/A,N/A,N/A,N/A,N/A,N/A,True,N/A,N/A,N/A,N/A,N/A,N/A,N/A,N/A,N/A,N/A,N/A,N/A,N/A,N/A,N/A,N/A,N/A,N/A,N/A,N/A,N/A,N/A,N/A,N/A,N/A,N/A,N/A,N/A,N/A,N/A
33,C:\Users\BLUO\Downloads\report\tests\resources\directory_test_files\Health_Canada_logo.png,Health_Canada_logo.png,.png,0.004125,2024-01-15 15:33:58,2024-01-17 14:56:01,2024-01-15 15:33:58,C:\Users\BLUO\Downloads\report\tests\resources\directory_test_files,1,0,C:\Users\BLUO\Downloads\report\tests\resources\directory_test_files\Health_Canada_logo.png,N/A,N/A,N/A,N/A,N/A,N/A,N/A,N/A,N/A,N/A,N/A,N/A,GIF,P,303.0,40.0,N/A,N/A,N/A,N/A,N/A,N/A,N/A,N/A,N/A,N/A,N/A,N/A,N/A,N/A,N/A,N/A,N/A,N/A,N/A,N/A,N/A,N/A,N/A
34,C:\Users\BLUO\Downloads\report\tests\resources\directory_test_files\Microsoft Copilot Presentation - Copy.pptx,Microsoft Copilot Presentation - Copy.pptx,.pptx,100.174789,2024-01-15 15:33:59,2024-01-17 14:56:01,2024-01-15 15:33:59,C:\Users\BLUO\Downloads\report\tests\resources\directory_test_files,1,0,C:\Users\BLUO\Downloads\report\tests\resources\directory_test_files\Microsoft Copilot Presentation - Copy.pptx,N/A,N/A,N/A,N/A,N/A,N/A,N/A,N/A,False,N/A,,"Prazuch, Karolina (HC/SC)",N/A,N/A,N/A,N/A,33.0,N/A,N/A,N/A,N/A,N/A,N/A,N/A,N/A,N/A,N/A,N/A,N/A,N/A,N/A,N/A,N/A,N/A,N/A,N/A,N/A,N/A,N/A
35,C:\Users\BLUO\Downloads\report\tests\resources\directory_test_files\Test Email.msg,Test Email.msg,.msg,0.0768,2024-01-15 15:33:59,2024-01-17 14:56:01,2024-01-15 15:33:59,C:\Users\BLUO\Downloads\report\tests\resources\directory_test_files,1,0,C:\Users\BLUO\Downloads\report\tests\resources\directory_test_files\Test Email.msg,N/A,N/A,N/A,N/A,N/A,N/A,N/A,N/A,N/A,N/A,N/A,N/A,N/A,N/A,N/A,N/A,N/A,Test Email,"Mon, 18 Sep 2023 13:57:16 -0400","""Burnett, Taylen (HC/SC)"" <Taylen.Burnett@hc-sc.gc.ca>",N/A,N/A,N/A,N/A,N/A,N/A,N/A,N/A,N/A,N/A,N/A,N/A,N/A,N/A,N/A,N/A,N/A,N/A,N/A
36,C:\Users\BLUO\Downloads\report\tests\resources\directory_test_files\Test_excel_file.xlsx,Test_excel_file.xlsx,.xlsx,0.011885,2024-01-15 15:33:59,2024-01-17 14:56:01,2024-01-15 15:33:59,C:\Users\BLUO\Downloads\report\tests\resources\directory_test_files,1,0,C:\Users\BLUO\Downloads\report\tests\resources\directory_test_files\Test_excel_file.xlsx,N/A,N/A,N/A,N/A,N/A,N/A,N/A,N/A,False,N/A,N/A,"Burnett, Taylen (HC/SC)",N/A,N/A,N/A,N/A,N/A,N/A,N/A,N/A,Sheet3,"['Sheet1', 'Sheet2', 'Sheet3']","{'Sheet1': [(1, 2, 3, None, None), ('a', 'b', 'c', None, None), (None, None, None, None, None), (None, None, None, None, None), (None, None, None, None, None), (None, None, None, None, None), (None, None, None, None, None), (4, None, None, None, None), ('d', None, None, None, None), (None, None, None, None, 't')], 'Sheet2': [(None, None, None, None, None, None, None), (None, None, None, None, None, None, None), (None, None, None, None, None, None, None), (None, None, None, None, None, None, None), (None, None, None, None, None, None, None), (None, None, None, None, None, None, None), (None, None, None, None, None, None, None), (None, None, None, None, None, None, None), (None, None, None, None, None, None, None), (None, None, None, None, None, None, None), (None, None, None, None, None, None, 'h')], 'Sheet3': [(None, None, None, None, None, None, None), ('Column1', 'Column2', 'Column3', 'Column4', 'Column5', 'Column6', 'Column7'), (234, 423, 2, 3, 98, 7890, 9876), (5, 6, 7, 8, 9, 5, None), (None, 9876, 98, 6, 879, None, None), (98769, None, None, 8976, None, None, 8796), (None, None, 7, 79, 897, None, 879), (None, 87, 987, 7, 7, None, 8), (None, 65, 6565, None, None, 5, 55), (None, None, None, None, None, None, 675), (None, None, 655656, None, None, 56, None), (656565, None, None, None, None, 56, None), (None, None, None, None, None, None, None), (None, None, None, None, None, None, None), (None, None, None, None, None, None, None), (None, None, None, None, None, None, None), (None, None, None, None, None, None, None), (None, None, None, None, None, None, None), (None, None, None, None, None, None, None), (None, None, None, None, None, None, None), ('antidisestablishmentarianism', None, None, None, None, None, None)]}","Burnett, Taylen (HC/SC)",N/A,N/A,N/A,N/A,N/A,N/A,N/A,N/A,N/A,N/A,N/A,N/A,N/A,N/A,N/A
37,C:\Users\BLUO\Downloads\report\tests\resources\directory_test_files\!@#$%^&()\Sample.xml,Sample.xml,.xml,0.004548,2024-01-15 15:33:58,2024-01-17 14:56:01,2024-01-15 15:33:58,C:\Users\BLUO\Downloads\report\tests\resources\directory_test_files\!@#$%^&(),1,0,C:\Users\BLUO\Downloads\report\tests\resources\directory_test_files\!@#$%^&()\Sample.xml,120.0,N/A,N/A,ascii,N/A,N/A,N/A,N/A,N/A,336.0,N/A,N/A,N/A,N/A,N/A,N/A,N/A,N/A,N/A,N/A,N/A,N/A,N/A,N/A,N/A,N/A,N/A,N/A,N/A,N/A,N/A,N/A,N/A,N/A,N/A,N/A,N/A,N/A,N/A
38,C:\Users\BLUO\Downloads\report\tests\resources\directory_test_files\0.1.2.3.4.5\HealthCanadaOverviewFromWikipedia.pptx,HealthCanadaOverviewFromWikipedia.pptx,.pptx,0.037021,2024-01-15 15:33:58,2024-01-17 14:56:01,2024-01-15 15:33:58,C:\Users\BLUO\Downloads\report\tests\resources\directory_test_files\0.1.2.3.4.5,1,0,C:\Users\BLUO\Downloads\report\tests\resources\directory_test_files\0.1.2.3.4.5\HealthCanadaOverviewFromWikipedia.pptx,N/A,N/A,N/A,N/A,N/A,N/A,N/A,N/A,False,N/A,Test Author One,Test last_modified_by One,N/A,N/A,N/A,N/A,4.0,N/A,N/A,N/A,N/A,N/A,N/A,N/A,N/A,N/A,N/A,N/A,N/A,N/A,N/A,N/A,N/A,N/A,N/A,N/A,N/A,N/A,N/A
39,C:\Users\BLUO\Downloads\report\tests\resources\directory_test_files\directory_test_files\HealthCanadaOverviewFromWikipedia.pptx,HealthCanadaOverviewFromWikipedia.pptx,.pptx,0.037021,2024-01-15 15:33:59,2024-01-17 14:56:01,2024-01-15 15:33:59,C:\Users\BLUO\Downloads\report\tests\resources\directory_test_files\directory_test_files,1,0,C:\Users\BLUO\Downloads\report\tests\resources\directory_test_files\directory_test_files\HealthCanadaOverviewFromWikipedia.pptx,N/A,N/A,N/A,N/A,N/A,N/A,N/A,N/A,False,N/A,Test Author One,Test last_modified_by One,N/A,N/A,N/A,N/A,4.0,N/A,N/A,N/A,N/A,N/A,N/A,N/A,N/A,N/A,N/A,N/A,N/A,N/A,N/A,N/A,N/A,N/A,N/A,N/A,N/A,N/A,N/A
40,C:\Users\BLUO\Downloads\report\tests\resources\directory_test_files\directory_test_files\directory_test_files\SampleReport.zip,SampleReport.zip,.zip,0.064254,2024-01-15 15:33:59,2024-01-17 14:56:01,2024-01-15 15:33:59,C:\Users\BLUO\Downloads\report\tests\resources\directory_test_files\directory_test_files\directory_test_files,1,0,C:\Users\BLUO\Downloads\report\tests\resources\directory_test_files\directory_test_files\directory_test_files\SampleReport.zip,N/A,N/A,N/A,N/A,N/A,N/A,N/A,N/A,N/A,N/A,N/A,N/A,N/A,N/A,N/A,N/A,N/A,N/A,N/A,N/A,N/A,N/A,N/A,N/A,3.0,"{'docx': 2, 'pptx': 1}","['SampleReport.docx', 'SampleReport.pptx', 'HealthCanadaOverviewFromWikipedia.docx']",N/A,N/A,N/A,N/A,N/A,N/A,N/A,N/A,N/A,N/A,N/A,N/A
41,C:\Users\BLUO\Downloads\report\tests\resources\directory_test_files\ \New folder\Test_for_RTF.rtf,Test_for_RTF.rtf,.rtf,0.103257,2024-01-15 15:33:59,2024-01-17 14:56:01,2024-01-15 15:33:59,C:\Users\BLUO\Downloads\report\tests\resources\directory_test_files\ \New folder,1,0,C:\Users\BLUO\Downloads\report\tests\resources\directory_test_files\ \New folder\Test_for_RTF.rtf,N/A,N/A,N/A,N/A,N/A,N/A,N/A,N/A,N/A,N/A,N/A,N/A,N/A,N/A,N/A,N/A,N/A,N/A,N/A,N/A,N/A,N/A,N/A,N/A,N/A,N/A,N/A,N/A,N/A,N/A,N/A,N/A,N/A,N/A,N/A,N/A,N/A,N/A,N/A
42,C:\Users\BLUO\Downloads\report\tests\resources\directory_test_files_corrupted\government_of_canada_wikipedia_corrupted.txt,government_of_canada_wikipedia_corrupted.txt,.txt,0.039052,2024-01-15 15:33:59,2024-01-17 15:02:25,2024-01-15 15:33:59,C:\Users\BLUO\Downloads\report\tests\resources\directory_test_files_corrupted,1,0,C:\Users\BLUO\Downloads\report\tests\resources\directory_test_files_corrupted\government_of_canada_wikipedia_corrupted.txt,N/A,N/A,N/A,N/A,N/A,N/A,N/A,N/A,N/A,N/A,N/A,N/A,N/A,N/A,N/A,N/A,N/A,N/A,N/A,N/A,N/A,N/A,N/A,N/A,N/A,N/A,N/A,FileProcessingFailedError,N/A,N/A,N/A,N/A,N/A,N/A,N/A,N/A,N/A,N/A,N/A
43,C:\Users\BLUO\Downloads\report\tests\resources\test_files\2021_Census_English.csv,2021_Census_English.csv,.csv,5.384414,2024-01-15 15:33:59,2024-01-16 19:48:20,2024-01-15 15:33:59,C:\Users\BLUO\Downloads\report\tests\resources\test_files,1,0,C:\Users\BLUO\Downloads\report\tests\resources\test_files\2021_Census_English.csv,N/A,N/A,N/A,ISO-8859-1,36835.0,23.0,847205.0,253932.0,N/A,N/A,N/A,N/A,N/A,N/A,N/A,N/A,N/A,N/A,N/A,N/A,N/A,N/A,N/A,N/A,N/A,N/A,N/A,N/A,N/A,N/A,N/A,N/A,N/A,N/A,N/A,N/A,N/A,N/A,N/A
44,C:\Users\BLUO\Downloads\report\tests\resources\test_files\2021_Census_English_corrupted.csv,2021_Census_English_corrupted.csv,.csv,5.347579,2024-01-15 15:33:59,2024-01-17 15:02:55,2024-01-15 15:33:59,C:\Users\BLUO\Downloads\report\tests\resources\test_files,1,0,C:\Users\BLUO\Downloads\report\tests\resources\test_files\2021_Census_English_corrupted.csv,N/A,N/A,N/A,N/A,N/A,N/A,N/A,N/A,N/A,N/A,N/A,N/A,N/A,N/A,N/A,N/A,N/A,N/A,N/A,N/A,N/A,N/A,N/A,N/A,N/A,N/A,N/A,FileProcessingFailedError,N/A,N/A,N/A,N/A,N/A,N/A,N/A,N/A,N/A,N/A,N/A
45,C:\Users\BLUO\Downloads\report\tests\resources\test_files\align.py,align.py,.py,0.006386,2024-01-15 15:34:00,2024-01-17 13:29:50,2024-01-15 15:34:00,C:\Users\BLUO\Downloads\report\tests\resources\test_files,1,0,C:\Users\BLUO\Downloads\report\tests\resources\test_files\align.py,213.0,8.0,0.0,N/A,N/A,N/A,N/A,N/A,N/A,N/A,N/A,N/A,N/A,N/A,N/A,N/A,N/A,N/A,N/A,N/A,N/A,N/A,N/A,N/A,N/A,N/A,N/A,N/A,N/A,N/A,N/A,N/A,N/A,N/A,N/A,N/A,N/A,N/A,N/A
46,C:\Users\BLUO\Downloads\report\tests\resources\test_files\Approved_Schools_2023_10_01.csv,Approved_Schools_2023_10_01.csv,.csv,1.4459,2024-01-15 15:33:59,2024-01-16 19:48:41,2024-01-15 15:33:59,C:\Users\BLUO\Downloads\report\tests\resources\test_files,1,0,C:\Users\BLUO\Downloads\report\tests\resources\test_files\Approved_Schools_2023_10_01.csv,N/A,N/A,N/A,UTF-8-SIG,5385.0,13.0,70005.0,73.0,N/A,N/A,N/A,N/A,N/A,N/A,N/A,N/A,N/A,N/A,N/A,N/A,N/A,N/A,N/A,N/A,N/A,N/A,N/A,N/A,N/A,N/A,N/A,N/A,N/A,N/A,N/A,N/A,N/A,N/A,N/A
47,C:\Users\BLUO\Downloads\report\tests\resources\test_files\ArtificialNeuralNetworksForBeginners.pdf,ArtificialNeuralNetworksForBeginners.pdf,.pdf,0.221266,2024-01-15 15:33:59,2024-01-16 19:48:41,2024-01-15 15:33:59,C:\Users\BLUO\Downloads\report\tests\resources\test_files,1,0,C:\Users\BLUO\Downloads\report\tests\resources\test_files\ArtificialNeuralNetworksForBeginners.pdf,N/A,N/A,N/A,N/A,N/A,N/A,N/A,N/A,False,N/A,N/A,N/A,N/A,N/A,N/A,N/A,N/A,N/A,N/A,N/A,N/A,N/A,N/A,N/A,N/A,N/A,N/A,N/A,N/A,N/A,N/A,N/A,N/A,N/A,N/A,N/A,N/A,N/A,N/A
48,C:\Users\BLUO\Downloads\report\tests\resources\test_files\ArtificialNeuralNetworksForBeginners_Locked.pdf,ArtificialNeuralNetworksForBeginners_Locked.pdf,.pdf,0.222102,2024-01-15 15:33:59,2024-01-16 19:48:41,2024-01-15 15:33:59,C:\Users\BLUO\Downloads\report\tests\resources\test_files,1,0,C:\Users\BLUO\Downloads\report\tests\resources\test_files\ArtificialNeuralNetworksForBeginners_Locked.pdf,N/A,N/A,N/A,N/A,N/A,N/A,N/A,N/A,True,N/A,N/A,N/A,N/A,N/A,N/A,N/A,N/A,N/A,N/A,N/A,N/A,N/A,N/A,N/A,N/A,N/A,N/A,N/A,N/A,N/A,N/A,N/A,N/A,N/A,N/A,N/A,N/A,N/A,N/A
49,C:\Users\BLUO\Downloads\report\tests\resources\test_files\backend.py,backend.py,.py,0.212264,2024-01-15 15:34:00,2024-01-17 13:09:17,2024-01-15 15:34:00,C:\Users\BLUO\Downloads\report\tests\resources\test_files,1,0,C:\Users\BLUO\Downloads\report\tests\resources\test_files\backend.py,6503.0,224.0,5.0,N/A,N/A,N/A,N/A,N/A,N/A,N/A,N/A,N/A,N/A,N/A,N/A,N/A,N/A,N/A,N/A,N/A,N/A,N/A,N/A,N/A,N/A,N/A,N/A,N/A,N/A,N/A,N/A,N/A,N/A,N/A,N/A,N/A,N/A,N/A,N/A
50,C:\Users\BLUO\Downloads\report\tests\resources\test_files\callbacks_corrupted.py,callbacks_corrupted.py,.py,0.109727,2024-01-15 15:34:00,2024-01-17 15:02:55,2024-01-15 15:34:00,C:\Users\BLUO\Downloads\report\tests\resources\test_files,1,0,C:\Users\BLUO\Downloads\report\tests\resources\test_files\callbacks_corrupted.py,N/A,N/A,N/A,N/A,N/A,N/A,N/A,N/A,N/A,N/A,N/A,N/A,N/A,N/A,N/A,N/A,N/A,N/A,N/A,N/A,N/A,N/A,N/A,N/A,N/A,N/A,N/A,FileProcessingFailedError,N/A,N/A,N/A,N/A,N/A,N/A,N/A,N/A,N/A,N/A,N/A
51,C:\Users\BLUO\Downloads\report\tests\resources\test_files\CanadaLogo.tif,CanadaLogo.tif,.tif,0.011538,2024-01-15 15:33:59,2024-01-16 19:48:42,2024-01-15 15:33:59,C:\Users\BLUO\Downloads\report\tests\resources\test_files,1,0,C:\Users\BLUO\Downloads\report\tests\resources\test_files\CanadaLogo.tif,N/A,N/A,N/A,N/A,N/A,N/A,N/A,N/A,N/A,N/A,N/A,N/A,TIFF,RGB,215.0,74.0,N/A,N/A,N/A,N/A,N/A,N/A,N/A,N/A,N/A,N/A,N/A,N/A,N/A,N/A,N/A,N/A,N/A,N/A,N/A,N/A,N/A,N/A,N/A
52,C:\Users\BLUO\Downloads\report\tests\resources\test_files\CanadaLogo_corrupted.tif,CanadaLogo_corrupted.tif,.tif,0.011538,2024-01-15 15:33:59,2024-01-17 15:02:55,2024-01-15 15:33:59,C:\Users\BLUO\Downloads\report\tests\resources\test_files,1,0,C:\Users\BLUO\Downloads\report\tests\resources\test_files\CanadaLogo_corrupted.tif,N/A,N/A,N/A,N/A,N/A,N/A,N/A,N/A,N/A,N/A,N/A,N/A,N/A,N/A,N/A,N/A,N/A,N/A,N/A,N/A,N/A,N/A,N/A,N/A,N/A,N/A,N/A,FileProcessingFailedError,N/A,N/A,N/A,N/A,N/A,N/A,N/A,N/A,N/A,N/A,N/A
53,C:\Users\BLUO\Downloads\report\tests\resources\test_files\coffee.json,coffee.json,.json,0.000984,2024-01-15 15:34:00,2024-01-16 19:48:42,2024-01-15 15:34:00,C:\Users\BLUO\Downloads\report\tests\resources\test_files,1,0,C:\Users\BLUO\Downloads\report\tests\resources\test_files\coffee.json,N/A,N/A,N/A,ascii,N/A,N/A,N/A,N/A,N/A,N/A,N/A,N/A,N/A,N/A,N/A,N/A,N/A,N/A,N/A,N/A,N/A,N/A,N/A,N/A,N/A,N/A,N/A,N/A,15.0,"['quiz', 'sport', 'q1', 'question', 'options', 'answer', 'maths', 'q1', 'question', 'options', 'answer', 'q2', 'question', 'options', 'answer']",0.0,N/A,N/A,N/A,N/A,N/A,N/A,N/A,N/A
54,C:\Users\BLUO\Downloads\report\tests\resources\test_files\coffee_corrupted.json,coffee_corrupted.json,.json,2.097152,2024-01-15 15:34:00,2024-01-17 15:02:55,2024-01-15 15:34:00,C:\Users\BLUO\Downloads\report\tests\resources\test_files,1,0,C:\Users\BLUO\Downloads\report\tests\resources\test_files\coffee_corrupted.json,N/A,N/A,N/A,N/A,N/A,N/A,N/A,N/A,N/A,N/A,N/A,N/A,N/A,N/A,N/A,N/A,N/A,N/A,N/A,N/A,N/A,N/A,N/A,N/A,N/A,N/A,N/A,FileCorruptionError,N/A,N/A,N/A,N/A,N/A,N/A,N/A,N/A,N/A,N/A,N/A
55,C:\Users\BLUO\Downloads\report\tests\resources\test_files\Empty.zip,Empty.zip,.zip,2.2e-05,2024-01-15 15:33:59,2024-01-17 12:50:12,2024-01-15 15:33:59,C:\Users\BLUO\Downloads\report\tests\resources\test_files,1,0,C:\Users\BLUO\Downloads\report\tests\resources\test_files\Empty.zip,N/A,N/A,N/A,N/A,N/A,N/A,N/A,N/A,N/A,N/A,N/A,N/A,N/A,N/A,N/A,N/A,N/A,N/A,N/A,N/A,N/A,N/A,N/A,N/A,0.0,{},[],N/A,N/A,N/A,N/A,N/A,N/A,N/A,N/A,N/A,N/A,N/A,N/A
56,C:\Users\BLUO\Downloads\report\tests\resources\test_files\Frosty the Snowman.ogg,Frosty the Snowman.ogg,.ogg,1.523997,2024-01-15 15:33:59,2024-01-17 12:54:24,2024-01-15 15:33:59,C:\Users\BLUO\Downloads\report\tests\resources\test_files,1,0,C:\Users\BLUO\Downloads\report\tests\resources\test_files\Frosty the Snowman.ogg,N/A,N/A,N/A,N/A,N/A,N/A,N/A,N/A,N/A,N/A,N/A,N/A,N/A,N/A,N/A,N/A,N/A,N/A,,N/A,N/A,N/A,N/A,N/A,N/A,N/A,N/A,N/A,N/A,N/A,N/A,112000.0,137.71755102040817,,,,N/A,N/A,N/A
57,C:\Users\BLUO\Downloads\report\tests\resources\test_files\Government.xlsx,Government.xlsx,.xlsx,0.077201,2024-01-15 15:33:59,2024-01-16 19:48:44,2024-01-15 15:33:59,C:\Users\BLUO\Downloads\report\tests\resources\test_files,1,0,C:\Users\BLUO\Downloads\report\tests\resources\test_files\Government.xlsx,N/A,N/A,N/A,N/A,N/A,N/A,N/A,N/A,False,N/A,N/A,"Prazuch, Karolina (HC/SC)",N/A,N/A,N/A,N/A,N/A,N/A,N/A,N/A,Government of Canada,"['Health Canada', 'Government of Canada']","{'Health Canada': [('Department overview', None), ('Type', 'Department responsible for federal health policy in Canada'), ('Jurisdiction', 'Canada'), ('Headquarters', 'Ottawa, ON'), ('Employees', '11,223 (March 2020)[1]'), ('Annual budget', '$3.9 billion (2021–22)[2]'), ('Ministers responsible', 'Hon.\xa0Mark Holland,\xa0Minister of Health'), (None, ""Hon.\xa0Ya'ara Saks,\xa0Associate Minister of Health\xa0and\xa0Minister of Mental Health and Addictions""), ('Department executives', 'Dr. Stephen Lucas,\xa0Deputy Minister'), (None, 'Heather Jeffrey, Associate Deputy Minister'), ('Website', 'www.hc-sc.gc.ca')], 'Government of Canada': [('Constitutional monarchy', None), (None, None), (None, None), (None, None), (None, None), (None, None), (None, None), (None, None), (None, None), (None, None), (None, None), (None, None), ('Coat of arms of Canada', None), ('Formation', '1\xa0July 1867; 156 years ago'), ('Founding document', 'Constitution Act, 1867'), ('Country', 'Canada'), ('Website', 'www.canada.ca'), ('Crown', None), ('Head of state (sovereign)', 'Monarch'), ('Vice-regal representative', 'Governor General'), ('Seat', 'Rideau Hall'), ('Legislative', None), ('(King-in-Parliament)', None), ('Legislature', 'Parliament'), (None, 'House of Commons'), (None, 'Senate'), ('Meeting place', 'House of Commons:\xa0West Block[1]'), (None, 'Senate:\xa0Senate of Canada Building[2]'), ('Executive', None), ('(King-in-Council)', None), ('Head of government', 'Prime Minister'), ('Main body', 'Cabinet'), ('Main organ', 'Privy Council\xa0(de jure)'), (None, 'Cabinet\xa0(de facto)'), ('Judicial', None), ('(King-on-the-Bench)', None), ('Court', 'Supreme Court of Canada\xa0(highest court)'), ('Seat', 'Supreme Court Building,\xa0Ottawa')]}","Prazuch, Karolina (HC/SC)",N/A,N/A,N/A,N/A,N/A,N/A,N/A,N/A,N/A,N/A,N/A,N/A,N/A,N/A,N/A
58,C:\Users\BLUO\Downloads\report\tests\resources\test_files\government_of_canada_wikipedia.txt,government_of_canada_wikipedia.txt,.txt,0.039357,2024-01-15 15:34:00,2024-01-16 19:48:44,2024-01-15 15:34:00,C:\Users\BLUO\Downloads\report\tests\resources\test_files,1,0,C:\Users\BLUO\Downloads\report\tests\resources\test_files\government_of_canada_wikipedia.txt,306.0,N/A,N/A,utf-8,N/A,N/A,N/A,N/A,N/A,5691.0,N/A,N/A,N/A,N/A,N/A,N/A,N/A,N/A,N/A,N/A,N/A,N/A,N/A,N/A,N/A,N/A,N/A,N/A,N/A,N/A,N/A,N/A,N/A,N/A,N/A,N/A,N/A,N/A,N/A
59,C:\Users\BLUO\Downloads\report\tests\resources\test_files\government_of_canada_wikipedia_corrupted.txt,government_of_canada_wikipedia_corrupted.txt,.txt,0.039052,2024-01-15 15:34:00,2024-01-17 15:02:58,2024-01-15 15:34:00,C:\Users\BLUO\Downloads\report\tests\resources\test_files,1,0,C:\Users\BLUO\Downloads\report\tests\resources\test_files\government_of_canada_wikipedia_corrupted.txt,N/A,N/A,N/A,N/A,N/A,N/A,N/A,N/A,N/A,N/A,N/A,N/A,N/A,N/A,N/A,N/A,N/A,N/A,N/A,N/A,N/A,N/A,N/A,N/A,N/A,N/A,N/A,FileProcessingFailedError,N/A,N/A,N/A,N/A,N/A,N/A,N/A,N/A,N/A,N/A,N/A
60,C:\Users\BLUO\Downloads\report\tests\resources\test_files\Health - Canada.ca.html,Health - Canada.ca.html,.html,0.168865,2024-01-15 15:33:59,2024-01-16 19:48:44,2024-01-15 15:33:59,C:\Users\BLUO\Downloads\report\tests\resources\test_files,1,0,C:\Users\BLUO\Downloads\report\tests\resources\test_files\Health - Canada.ca.html,3439.0,N/A,N/A,utf-8,N/A,N/A,N/A,N/A,N/A,11162.0,N/A,N/A,N/A,N/A,N/A,N/A,N/A,N/A,N/A,N/A,N/A,N/A,N/A,N/A,N/A,N/A,N/A,N/A,N/A,N/A,N/A,N/A,N/A,N/A,N/A,N/A,N/A,N/A,N/A
61,C:\Users\BLUO\Downloads\report\tests\resources\test_files\Health - Canada.ca_corrupted.html,Health - Canada.ca_corrupted.html,.html,0.165427,2024-01-15 15:33:59,2024-01-17 15:02:58,2024-01-15 15:33:59,C:\Users\BLUO\Downloads\report\tests\resources\test_files,1,0,C:\Users\BLUO\Downloads\report\tests\resources\test_files\Health - Canada.ca_corrupted.html,N/A,N/A,N/A,N/A,N/A,N/A,N/A,N/A,N/A,N/A,N/A,N/A,N/A,N/A,N/A,N/A,N/A,N/A,N/A,N/A,N/A,N/A,N/A,N/A,N/A,N/A,N/A,FileProcessingFailedError,N/A,N/A,N/A,N/A,N/A,N/A,N/A,N/A,N/A,N/A,N/A
62,C:\Users\BLUO\Downloads\report\tests\resources\test_files\Health Canada Overview from Wikipedia.msg,Health Canada Overview from Wikipedia.msg,.msg,0.3328,2024-01-15 15:33:59,2024-01-16 19:48:45,2024-01-15 15:33:59,C:\Users\BLUO\Downloads\report\tests\resources\test_files,1,0,C:\Users\BLUO\Downloads\report\tests\resources\test_files\Health Canada Overview from Wikipedia.msg,N/A,N/A,N/A,N/A,N/A,N/A,N/A,N/A,N/A,N/A,N/A,N/A,N/A,N/A,N/A,N/A,N/A,Health Canada Overview from Wikipedia,"Tue, 31 Oct 2023 14:54:03 -0400","""Prazuch, Karolina (HC/SC)"" <karolina.prazuch@hc-sc.gc.ca>",N/A,N/A,N/A,N/A,N/A,N/A,N/A,N/A,N/A,N/A,N/A,N/A,N/A,N/A,N/A,N/A,N/A,N/A,N/A
63,C:\Users\BLUO\Downloads\report\tests\resources\test_files\HealthCanada.jpeg,HealthCanada.jpeg,.jpeg,0.0088,2024-01-15 15:33:59,2024-01-16 19:48:45,2024-01-15 15:33:59,C:\Users\BLUO\Downloads\report\tests\resources\test_files,1,0,C:\Users\BLUO\Downloads\report\tests\resources\test_files\HealthCanada.jpeg,N/A,N/A,N/A,N/A,N/A,N/A,N/A,N/A,N/A,N/A,N/A,N/A,JPEG,RGB,474.0,262.0,N/A,N/A,N/A,N/A,N/A,N/A,N/A,N/A,N/A,N/A,N/A,N/A,N/A,N/A,N/A,N/A,N/A,N/A,N/A,N/A,N/A,N/A,N/A
64,C:\Users\BLUO\Downloads\report\tests\resources\test_files\HealthCanadaOverviewFromWikipedia.docx,HealthCanadaOverviewFromWikipedia.docx,.docx,0.011001,2024-01-15 15:33:59,2024-01-16 19:48:45,2024-01-15 15:33:59,C:\Users\BLUO\Downloads\report\tests\resources\test_files,1,0,C:\Users\BLUO\Downloads\report\tests\resources\test_files\HealthCanadaOverviewFromWikipedia.docx,N/A,N/A,N/A,N/A,N/A,N/A,N/A,N/A,False,N/A,Test Author One,Test last_modified_by One,N/A,N/A,N/A,N/A,N/A,N/A,N/A,N/A,N/A,N/A,N/A,N/A,N/A,N/A,N/A,N/A,N/A,N/A,N/A,N/A,N/A,N/A,N/A,N/A,N/A,N/A,N/A
65,C:\Users\BLUO\Downloads\report\tests\resources\test_files\HealthCanadaOverviewFromWikipedia.pdf,HealthCanadaOverviewFromWikipedia.pdf,.pdf,0.073894,2024-01-15 15:33:59,2024-01-16 19:48:45,2024-01-15 15:33:59,C:\Users\BLUO\Downloads\report\tests\resources\test_files,1,0,C:\Users\BLUO\Downloads\report\tests\resources\test_files\HealthCanadaOverviewFromWikipedia.pdf,N/A,N/A,N/A,N/A,N/A,N/A,N/A,N/A,False,N/A,N/A,N/A,N/A,N/A,N/A,N/A,N/A,N/A,N/A,N/A,N/A,N/A,N/A,N/A,N/A,N/A,N/A,N/A,N/A,N/A,N/A,N/A,N/A,N/A,N/A,N/A,N/A,N/A,N/A
66,C:\Users\BLUO\Downloads\report\tests\resources\test_files\HealthCanadaOverviewFromWikipedia.pptx,HealthCanadaOverviewFromWikipedia.pptx,.pptx,0.037021,2024-01-15 15:33:59,2024-01-16 19:48:45,2024-01-15 15:33:59,C:\Users\BLUO\Downloads\report\tests\resources\test_files,1,0,C:\Users\BLUO\Downloads\report\tests\resources\test_files\HealthCanadaOverviewFromWikipedia.pptx,N/A,N/A,N/A,N/A,N/A,N/A,N/A,N/A,False,N/A,Test Author One,Test last_modified_by One,N/A,N/A,N/A,N/A,4.0,N/A,N/A,N/A,N/A,N/A,N/A,N/A,N/A,N/A,N/A,N/A,N/A,N/A,N/A,N/A,N/A,N/A,N/A,N/A,N/A,N/A,N/A
67,C:\Users\BLUO\Downloads\report\tests\resources\test_files\HealthCanadaOverviewFromWikipedia_corrupted.docx,HealthCanadaOverviewFromWikipedia_corrupted.docx,.docx,0.011001,2024-01-15 15:33:59,2024-01-17 15:02:58,2024-01-15 15:33:59,C:\Users\BLUO\Downloads\report\tests\resources\test_files,1,0,C:\Users\BLUO\Downloads\report\tests\resources\test_files\HealthCanadaOverviewFromWikipedia_corrupted.docx,N/A,N/A,N/A,N/A,N/A,N/A,N/A,N/A,N/A,N/A,N/A,N/A,N/A,N/A,N/A,N/A,N/A,N/A,N/A,N/A,N/A,N/A,N/A,N/A,N/A,N/A,N/A,FileCorruptionError,N/A,N/A,N/A,N/A,N/A,N/A,N/A,N/A,N/A,N/A,N/A
68,C:\Users\BLUO\Downloads\report\tests\resources\test_files\HealthCanadaOverviewFromWikipedia_corrupted.pptx,HealthCanadaOverviewFromWikipedia_corrupted.pptx,.pptx,0.037021,2024-01-15 15:33:59,2024-01-17 15:02:59,2024-01-15 15:33:59,C:\Users\BLUO\Downloads\report\tests\resources\test_files,1,0,C:\Users\BLUO\Downloads\report\tests\resources\test_files\HealthCanadaOverviewFromWikipedia_corrupted.pptx,N/A,N/A,N/A,N/A,N/A,N/A,N/A,N/A,N/A,N/A,N/A,N/A,N/A,N/A,N/A,N/A,N/A,N/A,N/A,N/A,N/A,N/A,N/A,N/A,N/A,N/A,N/A,FileCorruptionError,N/A,N/A,N/A,N/A,N/A,N/A,N/A,N/A,N/A,N/A,N/A
69,C:\Users\BLUO\Downloads\report\tests\resources\test_files\HealthCanadaOverviewFromWikipedia_Locked.docx,HealthCanadaOverviewFromWikipedia_Locked.docx,.docx,0.019456,2024-01-15 15:33:59,2024-01-16 19:48:45,2024-01-15 15:33:59,C:\Users\BLUO\Downloads\report\tests\resources\test_files,1,0,C:\Users\BLUO\Downloads\report\tests\resources\test_files\HealthCanadaOverviewFromWikipedia_Locked.docx,N/A,N/A,N/A,N/A,N/A,N/A,N/A,N/A,True,N/A,N/A,N/A,N/A,N/A,N/A,N/A,N/A,N/A,N/A,N/A,N/A,N/A,N/A,N/A,N/A,N/A,N/A,N/A,N/A,N/A,N/A,N/A,N/A,N/A,N/A,N/A,N/A,N/A,N/A
70,C:\Users\BLUO\Downloads\report\tests\resources\test_files\HealthCanadaOverviewFromWikipedia_Locked.pptx,HealthCanadaOverviewFromWikipedia_Locked.pptx,.pptx,0.047104,2024-01-15 15:33:59,2024-01-16 19:48:45,2024-01-15 15:33:59,C:\Users\BLUO\Downloads\report\tests\resources\test_files,1,0,C:\Users\BLUO\Downloads\report\tests\resources\test_files\HealthCanadaOverviewFromWikipedia_Locked.pptx,N/A,N/A,N/A,N/A,N/A,N/A,N/A,N/A,True,N/A,N/A,N/A,N/A,N/A,N/A,N/A,N/A,N/A,N/A,N/A,N/A,N/A,N/A,N/A,N/A,N/A,N/A,N/A,N/A,N/A,N/A,N/A,N/A,N/A,N/A,N/A,N/A,N/A,N/A
71,C:\Users\BLUO\Downloads\report\tests\resources\test_files\Health_Canada_logo.png,Health_Canada_logo.png,.png,0.004125,2024-01-15 15:33:59,2024-01-16 19:48:45,2024-01-15 15:33:59,C:\Users\BLUO\Downloads\report\tests\resources\test_files,1,0,C:\Users\BLUO\Downloads\report\tests\resources\test_files\Health_Canada_logo.png,N/A,N/A,N/A,N/A,N/A,N/A,N/A,N/A,N/A,N/A,N/A,N/A,GIF,P,303.0,40.0,N/A,N/A,N/A,N/A,N/A,N/A,N/A,N/A,N/A,N/A,N/A,N/A,N/A,N/A,N/A,N/A,N/A,N/A,N/A,N/A,N/A,N/A,N/A
72,C:\Users\BLUO\Downloads\report\tests\resources\test_files\How Canadas Universal HealthCare System Works.mp3,How Canadas Universal HealthCare System Works.mp3,.mp3,16.610493,2024-01-15 15:33:59,2024-01-16 19:48:45,2024-01-15 15:33:59,C:\Users\BLUO\Downloads\report\tests\resources\test_files,1,0,C:\Users\BLUO\Downloads\report\tests\resources\test_files\How Canadas Universal HealthCare System Works.mp3,N/A,N/A,N/A,N/A,N/A,N/A,N/A,N/A,N/A,N/A,N/A,N/A,N/A,N/A,N/A,N/A,N/A,N/A,,N/A,N/A,N/A,N/A,N/A,N/A,N/A,N/A,N/A,N/A,N/A,N/A,230679.0,576.048,,,,N/A,N/A,N/A
73,C:\Users\BLUO\Downloads\report\tests\resources\test_files\How Canadas Universal HealthCare System Works.wav,How Canadas Universal HealthCare System Works.wav,.wav,66.356698,2024-01-15 15:34:00,2024-01-16 19:48:45,2024-01-15 15:34:00,C:\Users\BLUO\Downloads\report\tests\resources\test_files,1,0,C:\Users\BLUO\Downloads\report\tests\resources\test_files\How Canadas Universal HealthCare System Works.wav,N/A,N/A,N/A,N/A,N/A,N/A,N/A,N/A,N/A,N/A,N/A,N/A,N/A,N/A,N/A,N/A,N/A,N/A,,N/A,N/A,N/A,N/A,N/A,N/A,N/A,N/A,N/A,N/A,N/A,N/A,921600.0,576.0123263888889,,,,N/A,N/A,N/A
74,C:\Users\BLUO\Downloads\report\tests\resources\test_files\Jingle Bell Rock.flac,Jingle Bell Rock.flac,.flac,12.938126,2024-01-15 15:34:00,2024-01-16 19:48:45,2024-01-15 15:34:00,C:\Users\BLUO\Downloads\report\tests\resources\test_files,1,0,C:\Users\BLUO\Downloads\report\tests\resources\test_files\Jingle Bell Rock.flac,N/A,N/A,N/A,N/A,N/A,N/A,N/A,N/A,N/A,N/A,N/A,N/A,N/A,N/A,N/A,N/A,N/A,N/A,,N/A,N/A,N/A,N/A,N/A,N/A,N/A,N/A,N/A,N/A,N/A,N/A,710366.0,145.61233560090702,,,,N/A,N/A,N/A
75,C:\Users\BLUO\Downloads\report\tests\resources\test_files\Katy Perry.aiff,Katy Perry.aiff,.aiff,51.142728,2024-01-15 15:34:00,2024-01-16 19:48:45,2024-01-15 15:34:00,C:\Users\BLUO\Downloads\report\tests\resources\test_files,1,0,C:\Users\BLUO\Downloads\report\tests\resources\test_files\Katy Perry.aiff,N/A,N/A,N/A,N/A,N/A,N/A,N/A,N/A,N/A,N/A,N/A,N/A,N/A,N/A,N/A,N/A,N/A,N/A,,N/A,N/A,N/A,N/A,N/A,N/A,N/A,N/A,N/A,N/A,N/A,N/A,1411200.0,289.9243537414966,,,,N/A,N/A,N/A
76,C:\Users\BLUO\Downloads\report\tests\resources\test_files\MapCanada.jpg,MapCanada.jpg,.jpg,1.24704,2024-01-15 15:34:00,2024-01-16 19:48:45,2024-01-15 15:34:00,C:\Users\BLUO\Downloads\report\tests\resources\test_files,1,0,C:\Users\BLUO\Downloads\report\tests\resources\test_files\MapCanada.jpg,N/A,N/A,N/A,N/A,N/A,N/A,N/A,N/A,N/A,N/A,N/A,N/A,JPEG,RGB,4489.0,2896.0,N/A,N/A,N/A,N/A,N/A,N/A,N/A,N/A,N/A,N/A,N/A,N/A,N/A,N/A,N/A,N/A,N/A,N/A,N/A,N/A,N/A,N/A,N/A
77,C:\Users\BLUO\Downloads\report\tests\resources\test_files\MapCanada.png,MapCanada.png,.png,0.774655,2024-01-15 15:34:00,2024-01-16 19:48:45,2024-01-15 15:34:00,C:\Users\BLUO\Downloads\report\tests\resources\test_files,1,0,C:\Users\BLUO\Downloads\report\tests\resources\test_files\MapCanada.png,N/A,N/A,N/A,N/A,N/A,N/A,N/A,N/A,N/A,N/A,N/A,N/A,PNG,RGBA,3000.0,2408.0,N/A,N/A,N/A,N/A,N/A,N/A,N/A,N/A,N/A,N/A,N/A,N/A,N/A,N/A,N/A,N/A,N/A,N/A,N/A,N/A,N/A,N/A,N/A
78,C:\Users\BLUO\Downloads\report\tests\resources\test_files\MapCanada_corrupted.jpg,MapCanada_corrupted.jpg,.jpg,1.24704,2024-01-15 15:34:00,2024-01-17 15:02:59,2024-01-15 15:34:00,C:\Users\BLUO\Downloads\report\tests\resources\test_files,1,0,C:\Users\BLUO\Downloads\report\tests\resources\test_files\MapCanada_corrupted.jpg,N/A,N/A,N/A,N/A,N/A,N/A,N/A,N/A,N/A,N/A,N/A,N/A,N/A,N/A,N/A,N/A,N/A,N/A,N/A,N/A,N/A,N/A,N/A,N/A,N/A,N/A,N/A,FileProcessingFailedError,N/A,N/A,N/A,N/A,N/A,N/A,N/A,N/A,N/A,N/A,N/A
79,C:\Users\BLUO\Downloads\report\tests\resources\test_files\MapCanada_corrupted.png,MapCanada_corrupted.png,.png,0.774655,2024-01-15 15:34:00,2024-01-17 15:02:59,2024-01-15 15:34:00,C:\Users\BLUO\Downloads\report\tests\resources\test_files,1,0,C:\Users\BLUO\Downloads\report\tests\resources\test_files\MapCanada_corrupted.png,N/A,N/A,N/A,N/A,N/A,N/A,N/A,N/A,N/A,N/A,N/A,N/A,N/A,N/A,N/A,N/A,N/A,N/A,N/A,N/A,N/A,N/A,N/A,N/A,N/A,N/A,N/A,FileProcessingFailedError,N/A,N/A,N/A,N/A,N/A,N/A,N/A,N/A,N/A,N/A,N/A
80,C:\Users\BLUO\Downloads\report\tests\resources\test_files\MapleLeaf.gif,MapleLeaf.gif,.gif,0.794349,2024-01-15 15:34:00,2024-01-16 19:48:45,2024-01-15 15:34:00,C:\Users\BLUO\Downloads\report\tests\resources\test_files,1,0,C:\Users\BLUO\Downloads\report\tests\resources\test_files\MapleLeaf.gif,N/A,N/A,N/A,N/A,N/A,N/A,N/A,N/A,N/A,N/A,N/A,N/A,GIF,P,480.0,480.0,N/A,N/A,N/A,N/A,N/A,N/A,N/A,N/A,N/A,N/A,N/A,N/A,N/A,N/A,N/A,N/A,N/A,N/A,N/A,N/A,True,27.0,N/A
81,C:\Users\BLUO\Downloads\report\tests\resources\test_files\MapleLeaf.heic,MapleLeaf.heic,.heic,0.112295,2024-01-15 15:34:00,2024-01-16 19:48:45,2024-01-15 15:34:00,C:\Users\BLUO\Downloads\report\tests\resources\test_files,1,0,C:\Users\BLUO\Downloads\report\tests\resources\test_files\MapleLeaf.heic,N/A,N/A,N/A,N/A,N/A,N/A,N/A,N/A,N/A,N/A,N/A,N/A,HEIF,RGB,1600.0,1200.0,N/A,N/A,N/A,N/A,N/A,N/A,N/A,N/A,N/A,N/A,N/A,N/A,N/A,N/A,N/A,N/A,N/A,N/A,N/A,N/A,N/A,N/A,N/A
82,C:\Users\BLUO\Downloads\report\tests\resources\test_files\MapleLeaf.heif,MapleLeaf.heif,.heif,0.112295,2024-01-15 15:34:00,2024-01-16 19:48:45,2024-01-15 15:34:00,C:\Users\BLUO\Downloads\report\tests\resources\test_files,1,0,C:\Users\BLUO\Downloads\report\tests\resources\test_files\MapleLeaf.heif,N/A,N/A,N/A,N/A,N/A,N/A,N/A,N/A,N/A,N/A,N/A,N/A,HEIF,RGB,1600.0,1200.0,N/A,N/A,N/A,N/A,N/A,N/A,N/A,N/A,N/A,N/A,N/A,N/A,N/A,N/A,N/A,N/A,N/A,N/A,N/A,N/A,N/A,N/A,N/A
83,C:\Users\BLUO\Downloads\report\tests\resources\test_files\MapleLeaf_corrupted.heic,MapleLeaf_corrupted.heic,.heic,0.112295,2024-01-15 15:34:00,2024-01-17 15:02:59,2024-01-15 15:34:00,C:\Users\BLUO\Downloads\report\tests\resources\test_files,1,0,C:\Users\BLUO\Downloads\report\tests\resources\test_files\MapleLeaf_corrupted.heic,N/A,N/A,N/A,N/A,N/A,N/A,N/A,N/A,N/A,N/A,N/A,N/A,N/A,N/A,N/A,N/A,N/A,N/A,N/A,N/A,N/A,N/A,N/A,N/A,N/A,N/A,N/A,FileProcessingFailedError,N/A,N/A,N/A,N/A,N/A,N/A,N/A,N/A,N/A,N/A,N/A
84,C:\Users\BLUO\Downloads\report\tests\resources\test_files\MapleLeaf_corrupted.heif,MapleLeaf_corrupted.heif,.heif,0.112295,2024-01-15 15:34:00,2024-01-17 15:02:59,2024-01-15 15:34:00,C:\Users\BLUO\Downloads\report\tests\resources\test_files,1,0,C:\Users\BLUO\Downloads\report\tests\resources\test_files\MapleLeaf_corrupted.heif,N/A,N/A,N/A,N/A,N/A,N/A,N/A,N/A,N/A,N/A,N/A,N/A,N/A,N/A,N/A,N/A,N/A,N/A,N/A,N/A,N/A,N/A,N/A,N/A,N/A,N/A,N/A,FileProcessingFailedError,N/A,N/A,N/A,N/A,N/A,N/A,N/A,N/A,N/A,N/A,N/A
85,C:\Users\BLUO\Downloads\report\tests\resources\test_files\MSEdgeIcon.gif,MSEdgeIcon.gif,.gif,0.002464,2024-01-15 15:34:00,2024-01-16 19:48:45,2024-01-15 15:34:00,C:\Users\BLUO\Downloads\report\tests\resources\test_files,1,0,C:\Users\BLUO\Downloads\report\tests\resources\test_files\MSEdgeIcon.gif,N/A,N/A,N/A,N/A,N/A,N/A,N/A,N/A,N/A,N/A,N/A,N/A,GIF,P,79.0,100.0,N/A,N/A,N/A,N/A,N/A,N/A,N/A,N/A,N/A,N/A,N/A,N/A,N/A,N/A,N/A,N/A,N/A,N/A,N/A,N/A,False,1.0,N/A
86,C:\Users\BLUO\Downloads\report\tests\resources\test_files\MSEdgeIcon_corrupted.gif,MSEdgeIcon_corrupted.gif,.gif,0.002464,2024-01-15 15:34:00,2024-01-17 15:02:59,2024-01-15 15:34:00,C:\Users\BLUO\Downloads\report\tests\resources\test_files,1,0,C:\Users\BLUO\Downloads\report\tests\resources\test_files\MSEdgeIcon_corrupted.gif,N/A,N/A,N/A,N/A,N/A,N/A,N/A,N/A,N/A,N/A,N/A,N/A,N/A,N/A,N/A,N/A,N/A,N/A,N/A,N/A,N/A,N/A,N/A,N/A,N/A,N/A,N/A,FileProcessingFailedError,N/A,N/A,N/A,N/A,N/A,N/A,N/A,N/A,N/A,N/A,N/A
87,C:\Users\BLUO\Downloads\report\tests\resources\test_files\MSWordIcon.tiff,MSWordIcon.tiff,.tiff,0.004822,2024-01-15 15:34:00,2024-01-16 19:48:45,2024-01-15 15:34:00,C:\Users\BLUO\Downloads\report\tests\resources\test_files,1,0,C:\Users\BLUO\Downloads\report\tests\resources\test_files\MSWordIcon.tiff,N/A,N/A,N/A,N/A,N/A,N/A,N/A,N/A,N/A,N/A,N/A,N/A,TIFF,RGBA,79.0,106.0,N/A,N/A,N/A,N/A,N/A,N/A,N/A,N/A,N/A,N/A,N/A,N/A,N/A,N/A,N/A,N/A,N/A,N/A,N/A,N/A,N/A,N/A,N/A
88,C:\Users\BLUO\Downloads\report\tests\resources\test_files\MSWordIcon_corrupted.tiff,MSWordIcon_corrupted.tiff,.tiff,0.004822,2024-01-15 15:34:00,2024-01-17 15:02:59,2024-01-15 15:34:00,C:\Users\BLUO\Downloads\report\tests\resources\test_files,1,0,C:\Users\BLUO\Downloads\report\tests\resources\test_files\MSWordIcon_corrupted.tiff,N/A,N/A,N/A,N/A,N/A,N/A,N/A,N/A,N/A,N/A,N/A,N/A,N/A,N/A,N/A,N/A,N/A,N/A,N/A,N/A,N/A,N/A,N/A,N/A,N/A,N/A,N/A,FileProcessingFailedError,N/A,N/A,N/A,N/A,N/A,N/A,N/A,N/A,N/A,N/A,N/A
89,C:\Users\BLUO\Downloads\report\tests\resources\test_files\ocr_text.gif,ocr_text.gif,.gif,3.360264,2024-01-15 15:34:00,2024-01-16 19:48:45,2024-01-15 15:34:00,C:\Users\BLUO\Downloads\report\tests\resources\test_files,1,0,C:\Users\BLUO\Downloads\report\tests\resources\test_files\ocr_text.gif,N/A,N/A,N/A,N/A,N/A,N/A,N/A,N/A,N/A,N/A,N/A,N/A,GIF,P,3840.0,2160.0,N/A,N/A,N/A,N/A,N/A,N/A,N/A,N/A,N/A,N/A,N/A,N/A,N/A,N/A,N/A,N/A,N/A,N/A,N/A,N/A,False,1.0,N/A
90,C:\Users\BLUO\Downloads\report\tests\resources\test_files\ocr_text.jpg,ocr_text.jpg,.jpg,1.4328,2024-01-15 15:34:00,2024-01-16 19:48:45,2024-01-15 15:34:00,C:\Users\BLUO\Downloads\report\tests\resources\test_files,1,0,C:\Users\BLUO\Downloads\report\tests\resources\test_files\ocr_text.jpg,N/A,N/A,N/A,N/A,N/A,N/A,N/A,N/A,N/A,N/A,N/A,N/A,JPEG,RGB,3840.0,2160.0,N/A,N/A,N/A,N/A,N/A,N/A,N/A,N/A,N/A,N/A,N/A,N/A,N/A,N/A,N/A,N/A,N/A,N/A,N/A,N/A,N/A,N/A,N/A
91,C:\Users\BLUO\Downloads\report\tests\resources\test_files\ocr_text.png,ocr_text.png,.png,15.4369,2024-01-15 15:34:01,2024-01-16 19:48:46,2024-01-15 15:34:01,C:\Users\BLUO\Downloads\report\tests\resources\test_files,1,0,C:\Users\BLUO\Downloads\report\tests\resources\test_files\ocr_text.png,N/A,N/A,N/A,N/A,N/A,N/A,N/A,N/A,N/A,N/A,N/A,N/A,PNG,RGBA,3840.0,2160.0,N/A,N/A,N/A,N/A,N/A,N/A,N/A,N/A,N/A,N/A,N/A,N/A,N/A,N/A,N/A,N/A,N/A,N/A,N/A,N/A,N/A,N/A,N/A
92,C:\Users\BLUO\Downloads\report\tests\resources\test_files\ocr_text.tif,ocr_text.tif,.tif,6.064828,2024-01-15 15:34:01,2024-01-16 19:48:46,2024-01-15 15:34:01,C:\Users\BLUO\Downloads\report\tests\resources\test_files,1,0,C:\Users\BLUO\Downloads\report\tests\resources\test_files\ocr_text.tif,N/A,N/A,N/A,N/A,N/A,N/A,N/A,N/A,N/A,N/A,N/A,N/A,TIFF,RGBA,3840.0,2160.0,N/A,N/A,N/A,N/A,N/A,N/A,N/A,N/A,N/A,N/A,N/A,N/A,N/A,N/A,N/A,N/A,N/A,N/A,N/A,N/A,N/A,N/A,N/A
93,C:\Users\BLUO\Downloads\report\tests\resources\test_files\sample.json,sample.json,.json,0.0002,2024-01-15 15:34:01,2024-01-16 19:48:46,2024-01-15 15:34:01,C:\Users\BLUO\Downloads\report\tests\resources\test_files,1,0,C:\Users\BLUO\Downloads\report\tests\resources\test_files\sample.json,N/A,N/A,N/A,ascii,N/A,N/A,N/A,N/A,N/A,N/A,N/A,N/A,N/A,N/A,N/A,N/A,N/A,N/A,N/A,N/A,N/A,N/A,N/A,N/A,N/A,N/A,N/A,N/A,9.0,"['array', 'boolean', 'color', 'null', 'number', 'object', 'a', 'c', 'string']",1.0,N/A,N/A,N/A,N/A,N/A,N/A,N/A,N/A
94,C:\Users\BLUO\Downloads\report\tests\resources\test_files\Sample.xml,Sample.xml,.xml,0.004548,2024-01-15 15:34:00,2024-01-17 12:50:18,2024-01-15 15:34:00,C:\Users\BLUO\Downloads\report\tests\resources\test_files,1,0,C:\Users\BLUO\Downloads\report\tests\resources\test_files\Sample.xml,120.0,N/A,N/A,ascii,N/A,N/A,N/A,N/A,N/A,336.0,N/A,N/A,N/A,N/A,N/A,N/A,N/A,N/A,N/A,N/A,N/A,N/A,N/A,N/A,N/A,N/A,N/A,N/A,N/A,N/A,N/A,N/A,N/A,N/A,N/A,N/A,N/A,N/A,N/A
95,C:\Users\BLUO\Downloads\report\tests\resources\test_files\SampleReport.docx,SampleReport.docx,.docx,0.013999,2024-01-15 15:34:00,2024-01-16 19:48:46,2024-01-15 15:34:00,C:\Users\BLUO\Downloads\report\tests\resources\test_files,1,0,C:\Users\BLUO\Downloads\report\tests\resources\test_files\SampleReport.docx,N/A,N/A,N/A,N/A,N/A,N/A,N/A,N/A,False,N/A,Second Test Author,last_modified_by Test Author,N/A,N/A,N/A,N/A,N/A,N/A,N/A,N/A,N/A,N/A,N/A,N/A,N/A,N/A,N/A,N/A,N/A,N/A,N/A,N/A,N/A,N/A,N/A,N/A,N/A,N/A,N/A
96,C:\Users\BLUO\Downloads\report\tests\resources\test_files\SampleReport.pdf,SampleReport.pdf,.pdf,0.105687,2024-01-15 15:34:00,2024-01-16 19:48:46,2024-01-15 15:34:00,C:\Users\BLUO\Downloads\report\tests\resources\test_files,1,0,C:\Users\BLUO\Downloads\report\tests\resources\test_files\SampleReport.pdf,N/A,N/A,N/A,N/A,N/A,N/A,N/A,N/A,False,N/A,N/A,N/A,N/A,N/A,N/A,N/A,N/A,N/A,N/A,N/A,N/A,N/A,N/A,N/A,N/A,N/A,N/A,N/A,N/A,N/A,N/A,N/A,N/A,N/A,N/A,N/A,N/A,N/A,N/A
97,C:\Users\BLUO\Downloads\report\tests\resources\test_files\SampleReport.pptx,SampleReport.pptx,.pptx,0.047541,2024-01-15 15:34:00,2024-01-16 19:48:46,2024-01-15 15:34:00,C:\Users\BLUO\Downloads\report\tests\resources\test_files,1,0,C:\Users\BLUO\Downloads\report\tests\resources\test_files\SampleReport.pptx,N/A,N/A,N/A,N/A,N/A,N/A,N/A,N/A,False,N/A,Second Test Author,last_modified_by Test Author,N/A,N/A,N/A,N/A,5.0,N/A,N/A,N/A,N/A,N/A,N/A,N/A,N/A,N/A,N/A,N/A,N/A,N/A,N/A,N/A,N/A,N/A,N/A,N/A,N/A,N/A,N/A
98,C:\Users\BLUO\Downloads\report\tests\resources\test_files\SampleReport.zip,SampleReport.zip,.zip,0.064254,2024-01-15 15:34:00,2024-01-17 12:50:14,2024-01-15 15:34:00,C:\Users\BLUO\Downloads\report\tests\resources\test_files,1,0,C:\Users\BLUO\Downloads\report\tests\resources\test_files\SampleReport.zip,N/A,N/A,N/A,N/A,N/A,N/A,N/A,N/A,N/A,N/A,N/A,N/A,N/A,N/A,N/A,N/A,N/A,N/A,N/A,N/A,N/A,N/A,N/A,N/A,3.0,"{'docx': 2, 'pptx': 1}","['SampleReport.docx', 'SampleReport.pptx', 'HealthCanadaOverviewFromWikipedia.docx']",N/A,N/A,N/A,N/A,N/A,N/A,N/A,N/A,N/A,N/A,N/A,N/A
99,C:\Users\BLUO\Downloads\report\tests\resources\test_files\SampleReportScreenShot.pdf,SampleReportScreenShot.pdf,.pdf,0.221345,2024-01-15 15:34:00,2024-01-16 19:48:46,2024-01-15 15:34:00,C:\Users\BLUO\Downloads\report\tests\resources\test_files,1,0,C:\Users\BLUO\Downloads\report\tests\resources\test_files\SampleReportScreenShot.pdf,N/A,N/A,N/A,N/A,N/A,N/A,N/A,N/A,False,N/A,N/A,N/A,N/A,N/A,N/A,N/A,N/A,N/A,N/A,N/A,N/A,N/A,N/A,N/A,N/A,N/A,N/A,N/A,N/A,N/A,N/A,N/A,N/A,N/A,N/A,N/A,N/A,N/A,N/A
100,C:\Users\BLUO\Downloads\report\tests\resources\test_files\SampleReportScreenShot_corrupted.pdf,SampleReportScreenShot_corrupted.pdf,.pdf,0.221345,2024-01-15 15:34:00,2024-01-17 15:02:59,2024-01-15 15:34:00,C:\Users\BLUO\Downloads\report\tests\resources\test_files,1,0,C:\Users\BLUO\Downloads\report\tests\resources\test_files\SampleReportScreenShot_corrupted.pdf,N/A,N/A,N/A,N/A,N/A,N/A,N/A,N/A,N/A,N/A,N/A,N/A,N/A,N/A,N/A,N/A,N/A,N/A,N/A,N/A,N/A,N/A,N/A,N/A,N/A,N/A,N/A,FileProcessingFailedError,N/A,N/A,N/A,N/A,N/A,N/A,N/A,N/A,N/A,N/A,N/A
101,C:\Users\BLUO\Downloads\report\tests\resources\test_files\SampleReport_corrupted.zip,SampleReport_corrupted.zip,.zip,0.064254,2024-01-15 15:34:00,2024-01-17 15:02:59,2024-01-15 15:34:00,C:\Users\BLUO\Downloads\report\tests\resources\test_files,1,0,C:\Users\BLUO\Downloads\report\tests\resources\test_files\SampleReport_corrupted.zip,N/A,N/A,N/A,N/A,N/A,N/A,N/A,N/A,N/A,N/A,N/A,N/A,N/A,N/A,N/A,N/A,N/A,N/A,N/A,N/A,N/A,N/A,N/A,N/A,N/A,N/A,N/A,FileProcessingFailedError,N/A,N/A,N/A,N/A,N/A,N/A,N/A,N/A,N/A,N/A,N/A
102,C:\Users\BLUO\Downloads\report\tests\resources\test_files\SampleReport_Locked.docx,SampleReport_Locked.docx,.docx,0.02304,2024-01-15 15:34:00,2024-01-16 19:48:46,2024-01-15 15:34:00,C:\Users\BLUO\Downloads\report\tests\resources\test_files,1,0,C:\Users\BLUO\Downloads\report\tests\resources\test_files\SampleReport_Locked.docx,N/A,N/A,N/A,N/A,N/A,N/A,N/A,N/A,True,N/A,N/A,N/A,N/A,N/A,N/A,N/A,N/A,N/A,N/A,N/A,N/A,N/A,N/A,N/A,N/A,N/A,N/A,N/A,N/A,N/A,N/A,N/A,N/A,N/A,N/A,N/A,N/A,N/A,N/A
103,C:\Users\BLUO\Downloads\report\tests\resources\test_files\SampleReport_Locked.pdf,SampleReport_Locked.pdf,.pdf,0.096195,2024-01-15 15:34:00,2024-01-16 19:48:46,2024-01-15 15:34:00,C:\Users\BLUO\Downloads\report\tests\resources\test_files,1,0,C:\Users\BLUO\Downloads\report\tests\resources\test_files\SampleReport_Locked.pdf,N/A,N/A,N/A,N/A,N/A,N/A,N/A,N/A,True,N/A,N/A,N/A,N/A,N/A,N/A,N/A,N/A,N/A,N/A,N/A,N/A,N/A,N/A,N/A,N/A,N/A,N/A,N/A,N/A,N/A,N/A,N/A,N/A,N/A,N/A,N/A,N/A,N/A,N/A
104,C:\Users\BLUO\Downloads\report\tests\resources\test_files\SampleReport_Locked.pptx,SampleReport_Locked.pptx,.pptx,0.058368,2024-01-15 15:34:00,2024-01-16 19:48:46,2024-01-15 15:34:00,C:\Users\BLUO\Downloads\report\tests\resources\test_files,1,0,C:\Users\BLUO\Downloads\report\tests\resources\test_files\SampleReport_Locked.pptx,N/A,N/A,N/A,N/A,N/A,N/A,N/A,N/A,True,N/A,N/A,N/A,N/A,N/A,N/A,N/A,N/A,N/A,N/A,N/A,N/A,N/A,N/A,N/A,N/A,N/A,N/A,N/A,N/A,N/A,N/A,N/A,N/A,N/A,N/A,N/A,N/A,N/A,N/A
105,C:\Users\BLUO\Downloads\report\tests\resources\test_files\Sample_corrupted.xml,Sample_corrupted.xml,.xml,0.004429,2024-01-15 15:34:00,2024-01-17 15:02:59,2024-01-15 15:34:00,C:\Users\BLUO\Downloads\report\tests\resources\test_files,1,0,C:\Users\BLUO\Downloads\report\tests\resources\test_files\Sample_corrupted.xml,N/A,N/A,N/A,N/A,N/A,N/A,N/A,N/A,N/A,N/A,N/A,N/A,N/A,N/A,N/A,N/A,N/A,N/A,N/A,N/A,N/A,N/A,N/A,N/A,N/A,N/A,N/A,FileProcessingFailedError,N/A,N/A,N/A,N/A,N/A,N/A,N/A,N/A,N/A,N/A,N/A
106,C:\Users\BLUO\Downloads\report\tests\resources\test_files\StructureofCanadianFederalGovFromWikipedia_Locked.xlsx,StructureofCanadianFederalGovFromWikipedia_Locked.xlsx,.xlsx,0.04608,2024-01-15 15:34:00,2024-01-16 19:48:46,2024-01-15 15:34:00,C:\Users\BLUO\Downloads\report\tests\resources\test_files,1,0,C:\Users\BLUO\Downloads\report\tests\resources\test_files\StructureofCanadianFederalGovFromWikipedia_Locked.xlsx,N/A,N/A,N/A,N/A,N/A,N/A,N/A,N/A,True,N/A,N/A,N/A,N/A,N/A,N/A,N/A,N/A,N/A,N/A,N/A,N/A,N/A,N/A,N/A,N/A,N/A,N/A,N/A,N/A,N/A,N/A,N/A,N/A,N/A,N/A,N/A,N/A,N/A,N/A
107,C:\Users\BLUO\Downloads\report\tests\resources\test_files\Super Easy French Corrupted.mp3,Super Easy French Corrupted.mp3,.mp3,5.451885,2024-01-15 15:34:00,2024-01-17 15:02:59,2024-01-15 15:34:00,C:\Users\BLUO\Downloads\report\tests\resources\test_files,1,0,C:\Users\BLUO\Downloads\report\tests\resources\test_files\Super Easy French Corrupted.mp3,N/A,N/A,N/A,N/A,N/A,N/A,N/A,N/A,N/A,N/A,N/A,N/A,N/A,N/A,N/A,N/A,N/A,N/A,N/A,N/A,N/A,N/A,N/A,N/A,N/A,N/A,N/A,FileProcessingFailedError,N/A,N/A,N/A,N/A,N/A,N/A,N/A,N/A,N/A,N/A,N/A
108,C:\Users\BLUO\Downloads\report\tests\resources\test_files\Super Easy French Corrupted.wav,Super Easy French Corrupted.wav,.wav,2.097152,2024-01-15 15:34:00,2024-01-17 15:02:59,2024-01-15 15:34:00,C:\Users\BLUO\Downloads\report\tests\resources\test_files,1,0,C:\Users\BLUO\Downloads\report\tests\resources\test_files\Super Easy French Corrupted.wav,N/A,N/A,N/A,N/A,N/A,N/A,N/A,N/A,N/A,N/A,N/A,N/A,N/A,N/A,N/A,N/A,N/A,N/A,N/A,N/A,N/A,N/A,N/A,N/A,N/A,N/A,N/A,FileProcessingFailedError,N/A,N/A,N/A,N/A,N/A,N/A,N/A,N/A,N/A,N/A,N/A
109,C:\Users\BLUO\Downloads\report\tests\resources\test_files\Super Easy French.mp3,Super Easy French.mp3,.mp3,5.451885,2024-01-15 15:34:00,2024-01-16 19:48:46,2024-01-15 15:34:00,C:\Users\BLUO\Downloads\report\tests\resources\test_files,1,0,C:\Users\BLUO\Downloads\report\tests\resources\test_files\Super Easy French.mp3,N/A,N/A,N/A,N/A,N/A,N/A,N/A,N/A,N/A,N/A,N/A,N/A,N/A,N/A,N/A,N/A,N/A,N/A,,N/A,N/A,N/A,N/A,N/A,N/A,N/A,N/A,N/A,N/A,N/A,N/A,199147.0,219.0,,,,N/A,N/A,N/A
110,C:\Users\BLUO\Downloads\report\tests\resources\test_files\Super Easy French.wav,Super Easy French.wav,.wav,42.04245,2024-01-15 15:34:00,2024-01-16 19:48:46,2024-01-15 15:34:00,C:\Users\BLUO\Downloads\report\tests\resources\test_files,1,0,C:\Users\BLUO\Downloads\report\tests\resources\test_files\Super Easy French.wav,N/A,N/A,N/A,N/A,N/A,N/A,N/A,N/A,N/A,N/A,N/A,N/A,N/A,N/A,N/A,N/A,N/A,N/A,,N/A,N/A,N/A,N/A,N/A,N/A,N/A,N/A,N/A,N/A,N/A,N/A,1536000.0,218.9706875,,,,N/A,N/A,N/A
111,C:\Users\BLUO\Downloads\report\tests\resources\test_files\Taylor Swift.mp4,Taylor Swift.mp4,.mp4,10.808772,2024-01-15 15:34:00,2024-01-16 19:48:46,2024-01-15 15:34:00,C:\Users\BLUO\Downloads\report\tests\resources\test_files,1,0,C:\Users\BLUO\Downloads\report\tests\resources\test_files\Taylor Swift.mp4,N/A,N/A,N/A,N/A,N/A,N/A,N/A,N/A,N/A,N/A,N/A,N/A,N/A,N/A,N/A,N/A,N/A,N/A,,N/A,N/A,N/A,N/A,N/A,N/A,N/A,N/A,N/A,N/A,N/A,N/A,0.0,228.4843537414966,,,,N/A,N/A,N/A
112,C:\Users\BLUO\Downloads\report\tests\resources\test_files\Test Email.msg,Test Email.msg,.msg,0.0768,2024-01-15 15:34:00,2024-01-16 19:48:46,2024-01-15 15:34:00,C:\Users\BLUO\Downloads\report\tests\resources\test_files,1,0,C:\Users\BLUO\Downloads\report\tests\resources\test_files\Test Email.msg,N/A,N/A,N/A,N/A,N/A,N/A,N/A,N/A,N/A,N/A,N/A,N/A,N/A,N/A,N/A,N/A,N/A,Test Email,"Mon, 18 Sep 2023 13:57:16 -0400","""Burnett, Taylen (HC/SC)"" <Taylen.Burnett@hc-sc.gc.ca>",N/A,N/A,N/A,N/A,N/A,N/A,N/A,N/A,N/A,N/A,N/A,N/A,N/A,N/A,N/A,N/A,N/A,N/A,N/A
113,C:\Users\BLUO\Downloads\report\tests\resources\test_files\Test Email_corrupted.msg,Test Email_corrupted.msg,.msg,0.0768,2024-01-15 15:34:00,2024-01-17 15:02:59,2024-01-15 15:34:00,C:\Users\BLUO\Downloads\report\tests\resources\test_files,1,0,C:\Users\BLUO\Downloads\report\tests\resources\test_files\Test Email_corrupted.msg,N/A,N/A,N/A,N/A,N/A,N/A,N/A,N/A,N/A,N/A,N/A,N/A,N/A,N/A,N/A,N/A,N/A,N/A,N/A,N/A,N/A,N/A,N/A,N/A,N/A,N/A,N/A,FileProcessingFailedError,N/A,N/A,N/A,N/A,N/A,N/A,N/A,N/A,N/A,N/A,N/A
114,C:\Users\BLUO\Downloads\report\tests\resources\test_files\Test_excel_file.xlsx,Test_excel_file.xlsx,.xlsx,0.011885,2024-01-15 15:34:00,2024-01-16 19:48:46,2024-01-15 15:34:00,C:\Users\BLUO\Downloads\report\tests\resources\test_files,1,0,C:\Users\BLUO\Downloads\report\tests\resources\test_files\Test_excel_file.xlsx,N/A,N/A,N/A,N/A,N/A,N/A,N/A,N/A,False,N/A,N/A,"Burnett, Taylen (HC/SC)",N/A,N/A,N/A,N/A,N/A,N/A,N/A,N/A,Sheet3,"['Sheet1', 'Sheet2', 'Sheet3']","{'Sheet1': [(1, 2, 3, None, None), ('a', 'b', 'c', None, None), (None, None, None, None, None), (None, None, None, None, None), (None, None, None, None, None), (None, None, None, None, None), (None, None, None, None, None), (4, None, None, None, None), ('d', None, None, None, None), (None, None, None, None, 't')], 'Sheet2': [(None, None, None, None, None, None, None), (None, None, None, None, None, None, None), (None, None, None, None, None, None, None), (None, None, None, None, None, None, None), (None, None, None, None, None, None, None), (None, None, None, None, None, None, None), (None, None, None, None, None, None, None), (None, None, None, None, None, None, None), (None, None, None, None, None, None, None), (None, None, None, None, None, None, None), (None, None, None, None, None, None, 'h')], 'Sheet3': [(None, None, None, None, None, None, None), ('Column1', 'Column2', 'Column3', 'Column4', 'Column5', 'Column6', 'Column7'), (234, 423, 2, 3, 98, 7890, 9876), (5, 6, 7, 8, 9, 5, None), (None, 9876, 98, 6, 879, None, None), (98769, None, None, 8976, None, None, 8796), (None, None, 7, 79, 897, None, 879), (None, 87, 987, 7, 7, None, 8), (None, 65, 6565, None, None, 5, 55), (None, None, None, None, None, None, 675), (None, None, 655656, None, None, 56, None), (656565, None, None, None, None, 56, None), (None, None, None, None, None, None, None), (None, None, None, None, None, None, None), (None, None, None, None, None, None, None), (None, None, None, None, None, None, None), (None, None, None, None, None, None, None), (None, None, None, None, None, None, None), (None, None, None, None, None, None, None), (None, None, None, None, None, None, None), ('antidisestablishmentarianism', None, None, None, None, None, None)]}","Burnett, Taylen (HC/SC)",N/A,N/A,N/A,N/A,N/A,N/A,N/A,N/A,N/A,N/A,N/A,N/A,N/A,N/A,N/A
115,C:\Users\BLUO\Downloads\report\tests\resources\test_files\Test_excel_file_corrupted.xlsx,Test_excel_file_corrupted.xlsx,.xlsx,0.011885,2024-01-15 15:34:00,2024-01-17 15:02:59,2024-01-15 15:34:00,C:\Users\BLUO\Downloads\report\tests\resources\test_files,1,0,C:\Users\BLUO\Downloads\report\tests\resources\test_files\Test_excel_file_corrupted.xlsx,N/A,N/A,N/A,N/A,N/A,N/A,N/A,N/A,N/A,N/A,N/A,N/A,N/A,N/A,N/A,N/A,N/A,N/A,N/A,N/A,N/A,N/A,N/A,N/A,N/A,N/A,N/A,FileCorruptionError,N/A,N/A,N/A,N/A,N/A,N/A,N/A,N/A,N/A,N/A,N/A
116,C:\Users\BLUO\Downloads\report\tests\resources\test_files\Test_excel_file_Locked.xlsx,Test_excel_file_Locked.xlsx,.xlsx,0.018432,2024-01-15 15:34:00,2024-01-16 19:48:46,2024-01-15 15:34:00,C:\Users\BLUO\Downloads\report\tests\resources\test_files,1,0,C:\Users\BLUO\Downloads\report\tests\resources\test_files\Test_excel_file_Locked.xlsx,N/A,N/A,N/A,N/A,N/A,N/A,N/A,N/A,True,N/A,N/A,N/A,N/A,N/A,N/A,N/A,N/A,N/A,N/A,N/A,N/A,N/A,N/A,N/A,N/A,N/A,N/A,N/A,N/A,N/A,N/A,N/A,N/A,N/A,N/A,N/A,N/A,N/A,N/A
117,C:\Users\BLUO\Downloads\report\tests\resources\test_files\Test_for_RTF.rtf,Test_for_RTF.rtf,.rtf,0.103257,2024-01-15 15:34:00,2024-01-16 19:48:46,2024-01-15 15:34:00,C:\Users\BLUO\Downloads\report\tests\resources\test_files,1,0,C:\Users\BLUO\Downloads\report\tests\resources\test_files\Test_for_RTF.rtf,N/A,N/A,N/A,N/A,N/A,N/A,N/A,N/A,N/A,N/A,N/A,N/A,N/A,N/A,N/A,N/A,N/A,N/A,N/A,N/A,N/A,N/A,N/A,N/A,N/A,N/A,N/A,N/A,N/A,N/A,N/A,N/A,N/A,N/A,N/A,N/A,N/A,N/A,N/A
118,C:\Users\BLUO\Downloads\report\tests\resources\test_files\Test_for_RTF_corrupted.rtf,Test_for_RTF_corrupted.rtf,.rtf,0.102774,2024-01-15 15:34:00,2024-01-17 15:02:59,2024-01-15 15:34:00,C:\Users\BLUO\Downloads\report\tests\resources\test_files,1,0,C:\Users\BLUO\Downloads\report\tests\resources\test_files\Test_for_RTF_corrupted.rtf,N/A,N/A,N/A,N/A,N/A,N/A,N/A,N/A,N/A,N/A,N/A,N/A,N/A,N/A,N/A,N/A,N/A,N/A,N/A,N/A,N/A,N/A,N/A,N/A,N/A,N/A,N/A,FileProcessingFailedError,N/A,N/A,N/A,N/A,N/A,N/A,N/A,N/A,N/A,N/A,N/A
119,C:\Users\BLUO\Downloads\report\tests\resources\test_files\test_ocr_text.gif,test_ocr_text.gif,.gif,0.100566,2024-01-15 15:34:01,2024-01-16 19:48:46,2024-01-15 15:34:01,C:\Users\BLUO\Downloads\report\tests\resources\test_files,1,0,C:\Users\BLUO\Downloads\report\tests\resources\test_files\test_ocr_text.gif,N/A,N/A,N/A,N/A,N/A,N/A,N/A,N/A,N/A,N/A,N/A,N/A,GIF,P,955.0,528.0,N/A,N/A,N/A,N/A,N/A,N/A,N/A,N/A,N/A,N/A,N/A,N/A,N/A,N/A,N/A,N/A,N/A,N/A,N/A,N/A,False,1.0,N/A
120,C:\Users\BLUO\Downloads\report\tests\resources\test_files\test_ocr_text.jpg,test_ocr_text.jpg,.jpg,0.011106,2024-01-15 15:34:01,2024-01-16 19:48:46,2024-01-15 15:34:01,C:\Users\BLUO\Downloads\report\tests\resources\test_files,1,0,C:\Users\BLUO\Downloads\report\tests\resources\test_files\test_ocr_text.jpg,N/A,N/A,N/A,N/A,N/A,N/A,N/A,N/A,N/A,N/A,N/A,N/A,JPEG,RGB,955.0,528.0,N/A,N/A,N/A,N/A,N/A,N/A,N/A,N/A,N/A,N/A,N/A,N/A,N/A,N/A,N/A,N/A,N/A,N/A,N/A,N/A,N/A,N/A,N/A
121,C:\Users\BLUO\Downloads\report\tests\resources\test_files\test_ocr_text.pdf,test_ocr_text.pdf,.pdf,0.011142,2024-01-15 15:34:01,2024-01-16 19:48:46,2024-01-15 15:34:01,C:\Users\BLUO\Downloads\report\tests\resources\test_files,1,0,C:\Users\BLUO\Downloads\report\tests\resources\test_files\test_ocr_text.pdf,N/A,N/A,N/A,N/A,N/A,N/A,N/A,N/A,False,N/A,N/A,N/A,N/A,N/A,N/A,N/A,N/A,N/A,N/A,N/A,N/A,N/A,N/A,N/A,N/A,N/A,N/A,N/A,N/A,N/A,N/A,N/A,N/A,N/A,N/A,N/A,N/A,N/A,N/A
122,C:\Users\BLUO\Downloads\report\tests\resources\test_files\test_ocr_text.png,test_ocr_text.png,.png,0.004746,2024-01-15 15:34:01,2024-01-16 19:48:46,2024-01-15 15:34:01,C:\Users\BLUO\Downloads\report\tests\resources\test_files,1,0,C:\Users\BLUO\Downloads\report\tests\resources\test_files\test_ocr_text.png,N/A,N/A,N/A,N/A,N/A,N/A,N/A,N/A,N/A,N/A,N/A,N/A,PNG,RGBA,955.0,528.0,N/A,N/A,N/A,N/A,N/A,N/A,N/A,N/A,N/A,N/A,N/A,N/A,N/A,N/A,N/A,N/A,N/A,N/A,N/A,N/A,N/A,N/A,N/A
123,C:\Users\BLUO\Downloads\report\tests\resources\test_files\test_ocr_text.tif,test_ocr_text.tif,.tif,0.007052,2024-01-15 15:34:01,2024-01-16 19:48:46,2024-01-15 15:34:01,C:\Users\BLUO\Downloads\report\tests\resources\test_files,1,0,C:\Users\BLUO\Downloads\report\tests\resources\test_files\test_ocr_text.tif,N/A,N/A,N/A,N/A,N/A,N/A,N/A,N/A,N/A,N/A,N/A,N/A,TIFF,RGBA,955.0,528.0,N/A,N/A,N/A,N/A,N/A,N/A,N/A,N/A,N/A,N/A,N/A,N/A,N/A,N/A,N/A,N/A,N/A,N/A,N/A,N/A,N/A,N/A,N/A
124,C:\Users\BLUO\Downloads\report\tests\resources\test_files\test_ocr_text.tiff,test_ocr_text.tiff,.tiff,0.036268,2024-01-15 15:34:01,2024-01-16 19:48:46,2024-01-15 15:34:01,C:\Users\BLUO\Downloads\report\tests\resources\test_files,1,0,C:\Users\BLUO\Downloads\report\tests\resources\test_files\test_ocr_text.tiff,N/A,N/A,N/A,N/A,N/A,N/A,N/A,N/A,N/A,N/A,N/A,N/A,TIFF,RGBA,955.0,528.0,N/A,N/A,N/A,N/A,N/A,N/A,N/A,N/A,N/A,N/A,N/A,N/A,N/A,N/A,N/A,N/A,N/A,N/A,N/A,N/A,N/A,N/A,N/A
125,C:\Users\BLUO\Downloads\report\tests\resources\test_files\test_ocr_text_2.gif,test_ocr_text_2.gif,.gif,0.072603,2024-01-15 15:34:01,2024-01-16 19:48:46,2024-01-15 15:34:01,C:\Users\BLUO\Downloads\report\tests\resources\test_files,1,0,C:\Users\BLUO\Downloads\report\tests\resources\test_files\test_ocr_text_2.gif,N/A,N/A,N/A,N/A,N/A,N/A,N/A,N/A,N/A,N/A,N/A,N/A,GIF,P,973.0,530.0,N/A,N/A,N/A,N/A,N/A,N/A,N/A,N/A,N/A,N/A,N/A,N/A,N/A,N/A,N/A,N/A,N/A,N/A,N/A,N/A,False,1.0,N/A
126,C:\Users\BLUO\Downloads\report\tests\resources\test_files\test_ocr_text_2.jpg,test_ocr_text_2.jpg,.jpg,0.01162,2024-01-15 15:34:01,2024-01-16 19:48:46,2024-01-15 15:34:01,C:\Users\BLUO\Downloads\report\tests\resources\test_files,1,0,C:\Users\BLUO\Downloads\report\tests\resources\test_files\test_ocr_text_2.jpg,N/A,N/A,N/A,N/A,N/A,N/A,N/A,N/A,N/A,N/A,N/A,N/A,JPEG,RGB,973.0,530.0,N/A,N/A,N/A,N/A,N/A,N/A,N/A,N/A,N/A,N/A,N/A,N/A,N/A,N/A,N/A,N/A,N/A,N/A,N/A,N/A,N/A,N/A,N/A
127,C:\Users\BLUO\Downloads\report\tests\resources\test_files\test_ocr_text_2.pdf,test_ocr_text_2.pdf,.pdf,0.011609,2024-01-15 15:34:01,2024-01-16 19:48:46,2024-01-15 15:34:01,C:\Users\BLUO\Downloads\report\tests\resources\test_files,1,0,C:\Users\BLUO\Downloads\report\tests\resources\test_files\test_ocr_text_2.pdf,N/A,N/A,N/A,N/A,N/A,N/A,N/A,N/A,False,N/A,N/A,N/A,N/A,N/A,N/A,N/A,N/A,N/A,N/A,N/A,N/A,N/A,N/A,N/A,N/A,N/A,N/A,N/A,N/A,N/A,N/A,N/A,N/A,N/A,N/A,N/A,N/A,N/A,N/A
128,C:\Users\BLUO\Downloads\report\tests\resources\test_files\test_ocr_text_2.png,test_ocr_text_2.png,.png,0.004868,2024-01-15 15:34:01,2024-01-16 19:48:46,2024-01-15 15:34:01,C:\Users\BLUO\Downloads\report\tests\resources\test_files,1,0,C:\Users\BLUO\Downloads\report\tests\resources\test_files\test_ocr_text_2.png,N/A,N/A,N/A,N/A,N/A,N/A,N/A,N/A,N/A,N/A,N/A,N/A,PNG,RGBA,973.0,530.0,N/A,N/A,N/A,N/A,N/A,N/A,N/A,N/A,N/A,N/A,N/A,N/A,N/A,N/A,N/A,N/A,N/A,N/A,N/A,N/A,N/A,N/A,N/A
129,C:\Users\BLUO\Downloads\report\tests\resources\test_files\test_ocr_text_2.tif,test_ocr_text_2.tif,.tif,0.018694,2024-01-15 15:34:01,2024-01-16 19:48:46,2024-01-15 15:34:01,C:\Users\BLUO\Downloads\report\tests\resources\test_files,1,0,C:\Users\BLUO\Downloads\report\tests\resources\test_files\test_ocr_text_2.tif,N/A,N/A,N/A,N/A,N/A,N/A,N/A,N/A,N/A,N/A,N/A,N/A,TIFF,RGBA,973.0,530.0,N/A,N/A,N/A,N/A,N/A,N/A,N/A,N/A,N/A,N/A,N/A,N/A,N/A,N/A,N/A,N/A,N/A,N/A,N/A,N/A,N/A,N/A,N/A
130,C:\Users\BLUO\Downloads\report\tests\resources\test_files\test_ocr_text_2.tiff,test_ocr_text_2.tiff,.tiff,0.047582,2024-01-15 15:34:01,2024-01-16 19:48:46,2024-01-15 15:34:01,C:\Users\BLUO\Downloads\report\tests\resources\test_files,1,0,C:\Users\BLUO\Downloads\report\tests\resources\test_files\test_ocr_text_2.tiff,N/A,N/A,N/A,N/A,N/A,N/A,N/A,N/A,N/A,N/A,N/A,N/A,TIFF,RGBA,973.0,530.0,N/A,N/A,N/A,N/A,N/A,N/A,N/A,N/A,N/A,N/A,N/A,N/A,N/A,N/A,N/A,N/A,N/A,N/A,N/A,N/A,N/A,N/A,N/A
131,C:\Users\BLUO\Downloads\report\tests\resources\test_files\unsupported_file_1.xyz,unsupported_file_1.xyz,.xyz,1.7e-05,2024-01-15 15:34:01,2024-01-16 16:54:05,2024-01-15 15:34:01,C:\Users\BLUO\Downloads\report\tests\resources\test_files,1,0,C:\Users\BLUO\Downloads\report\tests\resources\test_files\unsupported_file_1.xyz,N/A,N/A,N/A,N/A,N/A,N/A,N/A,N/A,N/A,N/A,N/A,N/A,N/A,N/A,N/A,N/A,N/A,N/A,N/A,N/A,N/A,N/A,N/A,N/A,N/A,N/A,N/A,N/A,N/A,N/A,N/A,N/A,N/A,N/A,N/A,N/A,N/A,N/A,This is a generic processor. Limited functionality available. File was not opened
132,C:\Users\BLUO\Downloads\report\tests\resources\test_files\unsupported_file_2.abcd,unsupported_file_2.abcd,.abcd,2e-05,2024-01-15 15:34:01,2024-01-16 16:54:05,2024-01-15 15:34:01,C:\Users\BLUO\Downloads\report\tests\resources\test_files,1,0,C:\Users\BLUO\Downloads\report\tests\resources\test_files\unsupported_file_2.abcd,N/A,N/A,N/A,N/A,N/A,N/A,N/A,N/A,N/A,N/A,N/A,N/A,N/A,N/A,N/A,N/A,N/A,N/A,N/A,N/A,N/A,N/A,N/A,N/A,N/A,N/A,N/A,N/A,N/A,N/A,N/A,N/A,N/A,N/A,N/A,N/A,N/A,N/A,This is a generic processor. Limited functionality available. File was not opened
133,C:\Users\BLUO\Downloads\report\tests\resources\test_files\usa_government_wikipedia.txt,usa_government_wikipedia.txt,.txt,0.04823,2024-01-15 15:34:01,2024-01-16 19:48:46,2024-01-15 15:34:01,C:\Users\BLUO\Downloads\report\tests\resources\test_files,1,0,C:\Users\BLUO\Downloads\report\tests\resources\test_files\usa_government_wikipedia.txt,383.0,N/A,N/A,utf-8,N/A,N/A,N/A,N/A,N/A,7160.0,N/A,N/A,N/A,N/A,N/A,N/A,N/A,N/A,N/A,N/A,N/A,N/A,N/A,N/A,N/A,N/A,N/A,N/A,N/A,N/A,N/A,N/A,N/A,N/A,N/A,N/A,N/A,N/A,N/A
134,C:\Users\BLUO\Downloads\report\tests\resources\true_transcriptions\Frosty the Snowman.txt,Frosty the Snowman.txt,.txt,0.001231,2024-01-15 15:34:01,2024-01-16 19:48:46,2024-01-15 15:34:01,C:\Users\BLUO\Downloads\report\tests\resources\true_transcriptions,1,0,C:\Users\BLUO\Downloads\report\tests\resources\true_transcriptions\Frosty the Snowman.txt,26.0,N/A,N/A,ascii,N/A,N/A,N/A,N/A,N/A,244.0,N/A,N/A,N/A,N/A,N/A,N/A,N/A,N/A,N/A,N/A,N/A,N/A,N/A,N/A,N/A,N/A,N/A,N/A,N/A,N/A,N/A,N/A,N/A,N/A,N/A,N/A,N/A,N/A,N/A
135,C:\Users\BLUO\Downloads\report\tests\resources\true_transcriptions\How Canadas Universal HealthCare System Works.txt,How Canadas Universal HealthCare System Works.txt,.txt,0.009569,2024-01-15 15:34:01,2024-01-16 19:48:46,2024-01-15 15:34:01,C:\Users\BLUO\Downloads\report\tests\resources\true_transcriptions,1,0,C:\Users\BLUO\Downloads\report\tests\resources\true_transcriptions\How Canadas Universal HealthCare System Works.txt,1.0,N/A,N/A,ascii,N/A,N/A,N/A,N/A,N/A,1579.0,N/A,N/A,N/A,N/A,N/A,N/A,N/A,N/A,N/A,N/A,N/A,N/A,N/A,N/A,N/A,N/A,N/A,N/A,N/A,N/A,N/A,N/A,N/A,N/A,N/A,N/A,N/A,N/A,N/A
136,C:\Users\BLUO\Downloads\report\tests\resources\true_transcriptions\Jingle Bell Rock.txt,Jingle Bell Rock.txt,.txt,0.001037,2024-01-15 15:34:01,2024-01-16 19:48:46,2024-01-15 15:34:01,C:\Users\BLUO\Downloads\report\tests\resources\true_transcriptions,1,0,C:\Users\BLUO\Downloads\report\tests\resources\true_transcriptions\Jingle Bell Rock.txt,30.0,N/A,N/A,ascii,N/A,N/A,N/A,N/A,N/A,185.0,N/A,N/A,N/A,N/A,N/A,N/A,N/A,N/A,N/A,N/A,N/A,N/A,N/A,N/A,N/A,N/A,N/A,N/A,N/A,N/A,N/A,N/A,N/A,N/A,N/A,N/A,N/A,N/A,N/A
137,C:\Users\BLUO\Downloads\report\tests\resources\true_transcriptions\Katy Perry.txt,Katy Perry.txt,.txt,0.001588,2024-01-15 15:34:01,2024-01-16 19:48:46,2024-01-15 15:34:01,C:\Users\BLUO\Downloads\report\tests\resources\true_transcriptions,1,0,C:\Users\BLUO\Downloads\report\tests\resources\true_transcriptions\Katy Perry.txt,55.0,N/A,N/A,ascii,N/A,N/A,N/A,N/A,N/A,323.0,N/A,N/A,N/A,N/A,N/A,N/A,N/A,N/A,N/A,N/A,N/A,N/A,N/A,N/A,N/A,N/A,N/A,N/A,N/A,N/A,N/A,N/A,N/A,N/A,N/A,N/A,N/A,N/A,N/A
138,C:\Users\BLUO\Downloads\report\tests\resources\true_transcriptions\Super Easy French.txt,Super Easy French.txt,.txt,0.002759,2024-01-15 15:34:01,2024-01-16 19:48:46,2024-01-15 15:34:01,C:\Users\BLUO\Downloads\report\tests\resources\true_transcriptions,1,0,C:\Users\BLUO\Downloads\report\tests\resources\true_transcriptions\Super Easy French.txt,1.0,N/A,N/A,utf-8,N/A,N/A,N/A,N/A,N/A,486.0,N/A,N/A,N/A,N/A,N/A,N/A,N/A,N/A,N/A,N/A,N/A,N/A,N/A,N/A,N/A,N/A,N/A,N/A,N/A,N/A,N/A,N/A,N/A,N/A,N/A,N/A,N/A,N/A,N/A
139,C:\Users\BLUO\Downloads\report\tests\resources\true_transcriptions\Taylor Swift.txt,Taylor Swift.txt,.txt,0.002058,2024-01-15 15:34:01,2024-01-16 19:48:46,2024-01-15 15:34:01,C:\Users\BLUO\Downloads\report\tests\resources\true_transcriptions,1,0,C:\Users\BLUO\Downloads\report\tests\resources\true_transcriptions\Taylor Swift.txt,62.0,N/A,N/A,ascii,N/A,N/A,N/A,N/A,N/A,397.0,N/A,N/A,N/A,N/A,N/A,N/A,N/A,N/A,N/A,N/A,N/A,N/A,N/A,N/A,N/A,N/A,N/A,N/A,N/A,N/A,N/A,N/A,N/A,N/A,N/A,N/A,N/A,N/A,N/A
140,C:\Users\BLUO\Downloads\report\tests\__pycache__\conftest.cpython-310-pytest-7.4.0.pyc,conftest.cpython-310-pytest-7.4.0.pyc,.pyc,0.001051,2024-01-15 19:41:52,2024-01-17 14:00:11,2024-01-15 19:41:52,C:\Users\BLUO\Downloads\report\tests\__pycache__,1,0,C:\Users\BLUO\Downloads\report\tests\__pycache__\conftest.cpython-310-pytest-7.4.0.pyc,N/A,N/A,N/A,N/A,N/A,N/A,N/A,N/A,N/A,N/A,N/A,N/A,N/A,N/A,N/A,N/A,N/A,N/A,N/A,N/A,N/A,N/A,N/A,N/A,N/A,N/A,N/A,N/A,N/A,N/A,N/A,N/A,N/A,N/A,N/A,N/A,N/A,N/A,This is a generic processor. Limited functionality available. File was not opened
141,C:\Users\BLUO\Downloads\report\tests\__pycache__\directory_analytics_test.cpython-310-pytest-7.4.0.pyc,directory_analytics_test.cpython-310-pytest-7.4.0.pyc,.pyc,0.005221,2024-01-16 17:56:31,2024-01-17 14:00:21,2024-01-16 17:56:31,C:\Users\BLUO\Downloads\report\tests\__pycache__,1,0,C:\Users\BLUO\Downloads\report\tests\__pycache__\directory_analytics_test.cpython-310-pytest-7.4.0.pyc,N/A,N/A,N/A,N/A,N/A,N/A,N/A,N/A,N/A,N/A,N/A,N/A,N/A,N/A,N/A,N/A,N/A,N/A,N/A,N/A,N/A,N/A,N/A,N/A,N/A,N/A,N/A,N/A,N/A,N/A,N/A,N/A,N/A,N/A,N/A,N/A,N/A,N/A,This is a generic processor. Limited functionality available. File was not opened
142,C:\Users\BLUO\Downloads\report\tests\__pycache__\directory_report_test.cpython-310-pytest-7.4.0.pyc,directory_report_test.cpython-310-pytest-7.4.0.pyc,.pyc,0.012966,2024-01-16 17:55:48,2024-01-17 14:00:21,2024-01-16 17:55:48,C:\Users\BLUO\Downloads\report\tests\__pycache__,1,0,C:\Users\BLUO\Downloads\report\tests\__pycache__\directory_report_test.cpython-310-pytest-7.4.0.pyc,N/A,N/A,N/A,N/A,N/A,N/A,N/A,N/A,N/A,N/A,N/A,N/A,N/A,N/A,N/A,N/A,N/A,N/A,N/A,N/A,N/A,N/A,N/A,N/A,N/A,N/A,N/A,N/A,N/A,N/A,N/A,N/A,N/A,N/A,N/A,N/A,N/A,N/A,This is a generic processor. Limited functionality available. File was not opened
143,C:\Users\BLUO\Downloads\report\tests\__pycache__\directory_test.cpython-310-pytest-7.4.0.pyc,directory_test.cpython-310-pytest-7.4.0.pyc,.pyc,0.012964,2024-01-16 16:43:59,2024-01-16 16:43:59,2024-01-16 16:43:59,C:\Users\BLUO\Downloads\report\tests\__pycache__,1,0,C:\Users\BLUO\Downloads\report\tests\__pycache__\directory_test.cpython-310-pytest-7.4.0.pyc,N/A,N/A,N/A,N/A,N/A,N/A,N/A,N/A,N/A,N/A,N/A,N/A,N/A,N/A,N/A,N/A,N/A,N/A,N/A,N/A,N/A,N/A,N/A,N/A,N/A,N/A,N/A,N/A,N/A,N/A,N/A,N/A,N/A,N/A,N/A,N/A,N/A,N/A,This is a generic processor. Limited functionality available. File was not opened
144,C:\Users\BLUO\Downloads\report\tests\__pycache__\test_audio_processor.cpython-310-pytest-7.4.0.pyc,test_audio_processor.cpython-310-pytest-7.4.0.pyc,.pyc,0.005355,2024-01-15 19:42:03,2024-01-17 14:00:21,2024-01-15 19:42:03,C:\Users\BLUO\Downloads\report\tests\__pycache__,1,0,C:\Users\BLUO\Downloads\report\tests\__pycache__\test_audio_processor.cpython-310-pytest-7.4.0.pyc,N/A,N/A,N/A,N/A,N/A,N/A,N/A,N/A,N/A,N/A,N/A,N/A,N/A,N/A,N/A,N/A,N/A,N/A,N/A,N/A,N/A,N/A,N/A,N/A,N/A,N/A,N/A,N/A,N/A,N/A,N/A,N/A,N/A,N/A,N/A,N/A,N/A,N/A,This is a generic processor. Limited functionality available. File was not opened
145,C:\Users\BLUO\Downloads\report\tests\__pycache__\test_corrupted_files.cpython-310-pytest-7.4.0.pyc,test_corrupted_files.cpython-310-pytest-7.4.0.pyc,.pyc,0.002166,2024-01-15 19:42:03,2024-01-17 14:00:21,2024-01-15 19:42:03,C:\Users\BLUO\Downloads\report\tests\__pycache__,1,0,C:\Users\BLUO\Downloads\report\tests\__pycache__\test_corrupted_files.cpython-310-pytest-7.4.0.pyc,N/A,N/A,N/A,N/A,N/A,N/A,N/A,N/A,N/A,N/A,N/A,N/A,N/A,N/A,N/A,N/A,N/A,N/A,N/A,N/A,N/A,N/A,N/A,N/A,N/A,N/A,N/A,N/A,N/A,N/A,N/A,N/A,N/A,N/A,N/A,N/A,N/A,N/A,This is a generic processor. Limited functionality available. File was not opened
146,C:\Users\BLUO\Downloads\report\tests\__pycache__\test_csv_processor.cpython-310-pytest-7.4.0.pyc,test_csv_processor.cpython-310-pytest-7.4.0.pyc,.pyc,0.003329,2024-01-15 19:42:03,2024-01-17 14:00:21,2024-01-15 19:42:03,C:\Users\BLUO\Downloads\report\tests\__pycache__,1,0,C:\Users\BLUO\Downloads\report\tests\__pycache__\test_csv_processor.cpython-310-pytest-7.4.0.pyc,N/A,N/A,N/A,N/A,N/A,N/A,N/A,N/A,N/A,N/A,N/A,N/A,N/A,N/A,N/A,N/A,N/A,N/A,N/A,N/A,N/A,N/A,N/A,N/A,N/A,N/A,N/A,N/A,N/A,N/A,N/A,N/A,N/A,N/A,N/A,N/A,N/A,N/A,This is a generic processor. Limited functionality available. File was not opened
147,C:\Users\BLUO\Downloads\report\tests\__pycache__\test_docx_processor.cpython-310-pytest-7.4.0.pyc,test_docx_processor.cpython-310-pytest-7.4.0.pyc,.pyc,0.004027,2024-01-15 19:42:03,2024-01-17 14:00:21,2024-01-15 19:42:03,C:\Users\BLUO\Downloads\report\tests\__pycache__,1,0,C:\Users\BLUO\Downloads\report\tests\__pycache__\test_docx_processor.cpython-310-pytest-7.4.0.pyc,N/A,N/A,N/A,N/A,N/A,N/A,N/A,N/A,N/A,N/A,N/A,N/A,N/A,N/A,N/A,N/A,N/A,N/A,N/A,N/A,N/A,N/A,N/A,N/A,N/A,N/A,N/A,N/A,N/A,N/A,N/A,N/A,N/A,N/A,N/A,N/A,N/A,N/A,This is a generic processor. Limited functionality available. File was not opened
148,C:\Users\BLUO\Downloads\report\tests\__pycache__\test_generic_processor.cpython-310-pytest-7.4.0.pyc,test_generic_processor.cpython-310-pytest-7.4.0.pyc,.pyc,0.00731,2024-01-15 19:42:03,2024-01-17 14:00:21,2024-01-15 19:42:03,C:\Users\BLUO\Downloads\report\tests\__pycache__,1,0,C:\Users\BLUO\Downloads\report\tests\__pycache__\test_generic_processor.cpython-310-pytest-7.4.0.pyc,N/A,N/A,N/A,N/A,N/A,N/A,N/A,N/A,N/A,N/A,N/A,N/A,N/A,N/A,N/A,N/A,N/A,N/A,N/A,N/A,N/A,N/A,N/A,N/A,N/A,N/A,N/A,N/A,N/A,N/A,N/A,N/A,N/A,N/A,N/A,N/A,N/A,N/A,This is a generic processor. Limited functionality available. File was not opened
149,C:\Users\BLUO\Downloads\report\tests\__pycache__\test_gif_processor.cpython-310-pytest-7.4.0.pyc,test_gif_processor.cpython-310-pytest-7.4.0.pyc,.pyc,0.003282,2024-01-15 19:42:03,2024-01-17 14:00:21,2024-01-15 19:42:03,C:\Users\BLUO\Downloads\report\tests\__pycache__,1,0,C:\Users\BLUO\Downloads\report\tests\__pycache__\test_gif_processor.cpython-310-pytest-7.4.0.pyc,N/A,N/A,N/A,N/A,N/A,N/A,N/A,N/A,N/A,N/A,N/A,N/A,N/A,N/A,N/A,N/A,N/A,N/A,N/A,N/A,N/A,N/A,N/A,N/A,N/A,N/A,N/A,N/A,N/A,N/A,N/A,N/A,N/A,N/A,N/A,N/A,N/A,N/A,This is a generic processor. Limited functionality available. File was not opened
150,C:\Users\BLUO\Downloads\report\tests\__pycache__\test_heic_processor.cpython-310-pytest-7.4.0.pyc,test_heic_processor.cpython-310-pytest-7.4.0.pyc,.pyc,0.002722,2024-01-15 19:42:03,2024-01-17 14:00:21,2024-01-15 19:42:03,C:\Users\BLUO\Downloads\report\tests\__pycache__,1,0,C:\Users\BLUO\Downloads\report\tests\__pycache__\test_heic_processor.cpython-310-pytest-7.4.0.pyc,N/A,N/A,N/A,N/A,N/A,N/A,N/A,N/A,N/A,N/A,N/A,N/A,N/A,N/A,N/A,N/A,N/A,N/A,N/A,N/A,N/A,N/A,N/A,N/A,N/A,N/A,N/A,N/A,N/A,N/A,N/A,N/A,N/A,N/A,N/A,N/A,N/A,N/A,This is a generic processor. Limited functionality available. File was not opened
151,C:\Users\BLUO\Downloads\report\tests\__pycache__\test_html_processor.cpython-310-pytest-7.4.0.pyc,test_html_processor.cpython-310-pytest-7.4.0.pyc,.pyc,0.00274,2024-01-15 19:42:03,2024-01-17 14:00:21,2024-01-15 19:42:03,C:\Users\BLUO\Downloads\report\tests\__pycache__,1,0,C:\Users\BLUO\Downloads\report\tests\__pycache__\test_html_processor.cpython-310-pytest-7.4.0.pyc,N/A,N/A,N/A,N/A,N/A,N/A,N/A,N/A,N/A,N/A,N/A,N/A,N/A,N/A,N/A,N/A,N/A,N/A,N/A,N/A,N/A,N/A,N/A,N/A,N/A,N/A,N/A,N/A,N/A,N/A,N/A,N/A,N/A,N/A,N/A,N/A,N/A,N/A,This is a generic processor. Limited functionality available. File was not opened
152,C:\Users\BLUO\Downloads\report\tests\__pycache__\test_jpeg_processor.cpython-310-pytest-7.4.0.pyc,test_jpeg_processor.cpython-310-pytest-7.4.0.pyc,.pyc,0.002724,2024-01-15 19:42:03,2024-01-17 14:00:21,2024-01-15 19:42:03,C:\Users\BLUO\Downloads\report\tests\__pycache__,1,0,C:\Users\BLUO\Downloads\report\tests\__pycache__\test_jpeg_processor.cpython-310-pytest-7.4.0.pyc,N/A,N/A,N/A,N/A,N/A,N/A,N/A,N/A,N/A,N/A,N/A,N/A,N/A,N/A,N/A,N/A,N/A,N/A,N/A,N/A,N/A,N/A,N/A,N/A,N/A,N/A,N/A,N/A,N/A,N/A,N/A,N/A,N/A,N/A,N/A,N/A,N/A,N/A,This is a generic processor. Limited functionality available. File was not opened
153,C:\Users\BLUO\Downloads\report\tests\__pycache__\test_json_processor.cpython-310-pytest-7.4.0.pyc,test_json_processor.cpython-310-pytest-7.4.0.pyc,.pyc,0.002717,2024-01-15 19:42:03,2024-01-17 14:00:21,2024-01-15 19:42:03,C:\Users\BLUO\Downloads\report\tests\__pycache__,1,0,C:\Users\BLUO\Downloads\report\tests\__pycache__\test_json_processor.cpython-310-pytest-7.4.0.pyc,N/A,N/A,N/A,N/A,N/A,N/A,N/A,N/A,N/A,N/A,N/A,N/A,N/A,N/A,N/A,N/A,N/A,N/A,N/A,N/A,N/A,N/A,N/A,N/A,N/A,N/A,N/A,N/A,N/A,N/A,N/A,N/A,N/A,N/A,N/A,N/A,N/A,N/A,This is a generic processor. Limited functionality available. File was not opened
154,C:\Users\BLUO\Downloads\report\tests\__pycache__\test_msg_processor.cpython-310-pytest-7.4.0.pyc,test_msg_processor.cpython-310-pytest-7.4.0.pyc,.pyc,0.003178,2024-01-15 19:42:03,2024-01-17 14:00:21,2024-01-15 19:42:03,C:\Users\BLUO\Downloads\report\tests\__pycache__,1,0,C:\Users\BLUO\Downloads\report\tests\__pycache__\test_msg_processor.cpython-310-pytest-7.4.0.pyc,N/A,N/A,N/A,N/A,N/A,N/A,N/A,N/A,N/A,N/A,N/A,N/A,N/A,N/A,N/A,N/A,N/A,N/A,N/A,N/A,N/A,N/A,N/A,N/A,N/A,N/A,N/A,N/A,N/A,N/A,N/A,N/A,N/A,N/A,N/A,N/A,N/A,N/A,This is a generic processor. Limited functionality available. File was not opened
155,C:\Users\BLUO\Downloads\report\tests\__pycache__\test_ocr_decorator.cpython-310-pytest-7.4.0.pyc,test_ocr_decorator.cpython-310-pytest-7.4.0.pyc,.pyc,0.002886,2024-01-15 19:42:03,2024-01-17 14:00:21,2024-01-15 19:42:03,C:\Users\BLUO\Downloads\report\tests\__pycache__,1,0,C:\Users\BLUO\Downloads\report\tests\__pycache__\test_ocr_decorator.cpython-310-pytest-7.4.0.pyc,N/A,N/A,N/A,N/A,N/A,N/A,N/A,N/A,N/A,N/A,N/A,N/A,N/A,N/A,N/A,N/A,N/A,N/A,N/A,N/A,N/A,N/A,N/A,N/A,N/A,N/A,N/A,N/A,N/A,N/A,N/A,N/A,N/A,N/A,N/A,N/A,N/A,N/A,This is a generic processor. Limited functionality available. File was not opened
156,C:\Users\BLUO\Downloads\report\tests\__pycache__\test_pdf_processor.cpython-310-pytest-7.4.0.pyc,test_pdf_processor.cpython-310-pytest-7.4.0.pyc,.pyc,0.002796,2024-01-15 19:42:03,2024-01-17 14:00:21,2024-01-15 19:42:03,C:\Users\BLUO\Downloads\report\tests\__pycache__,1,0,C:\Users\BLUO\Downloads\report\tests\__pycache__\test_pdf_processor.cpython-310-pytest-7.4.0.pyc,N/A,N/A,N/A,N/A,N/A,N/A,N/A,N/A,N/A,N/A,N/A,N/A,N/A,N/A,N/A,N/A,N/A,N/A,N/A,N/A,N/A,N/A,N/A,N/A,N/A,N/A,N/A,N/A,N/A,N/A,N/A,N/A,N/A,N/A,N/A,N/A,N/A,N/A,This is a generic processor. Limited functionality available. File was not opened
157,C:\Users\BLUO\Downloads\report\tests\__pycache__\test_png_processor.cpython-310-pytest-7.4.0.pyc,test_png_processor.cpython-310-pytest-7.4.0.pyc,.pyc,0.002727,2024-01-15 19:42:03,2024-01-17 14:00:21,2024-01-15 19:42:03,C:\Users\BLUO\Downloads\report\tests\__pycache__,1,0,C:\Users\BLUO\Downloads\report\tests\__pycache__\test_png_processor.cpython-310-pytest-7.4.0.pyc,N/A,N/A,N/A,N/A,N/A,N/A,N/A,N/A,N/A,N/A,N/A,N/A,N/A,N/A,N/A,N/A,N/A,N/A,N/A,N/A,N/A,N/A,N/A,N/A,N/A,N/A,N/A,N/A,N/A,N/A,N/A,N/A,N/A,N/A,N/A,N/A,N/A,N/A,This is a generic processor. Limited functionality available. File was not opened
158,C:\Users\BLUO\Downloads\report\tests\__pycache__\test_pptx_processor.cpython-310-pytest-7.4.0.pyc,test_pptx_processor.cpython-310-pytest-7.4.0.pyc,.pyc,0.004237,2024-01-15 19:42:03,2024-01-17 14:00:21,2024-01-15 19:42:03,C:\Users\BLUO\Downloads\report\tests\__pycache__,1,0,C:\Users\BLUO\Downloads\report\tests\__pycache__\test_pptx_processor.cpython-310-pytest-7.4.0.pyc,N/A,N/A,N/A,N/A,N/A,N/A,N/A,N/A,N/A,N/A,N/A,N/A,N/A,N/A,N/A,N/A,N/A,N/A,N/A,N/A,N/A,N/A,N/A,N/A,N/A,N/A,N/A,N/A,N/A,N/A,N/A,N/A,N/A,N/A,N/A,N/A,N/A,N/A,This is a generic processor. Limited functionality available. File was not opened
159,C:\Users\BLUO\Downloads\report\tests\__pycache__\test_py_processor.cpython-310-pytest-7.4.0.pyc,test_py_processor.cpython-310-pytest-7.4.0.pyc,.pyc,0.003056,2024-01-15 19:42:03,2024-01-17 14:00:21,2024-01-15 19:42:03,C:\Users\BLUO\Downloads\report\tests\__pycache__,1,0,C:\Users\BLUO\Downloads\report\tests\__pycache__\test_py_processor.cpython-310-pytest-7.4.0.pyc,N/A,N/A,N/A,N/A,N/A,N/A,N/A,N/A,N/A,N/A,N/A,N/A,N/A,N/A,N/A,N/A,N/A,N/A,N/A,N/A,N/A,N/A,N/A,N/A,N/A,N/A,N/A,N/A,N/A,N/A,N/A,N/A,N/A,N/A,N/A,N/A,N/A,N/A,This is a generic processor. Limited functionality available. File was not opened
160,C:\Users\BLUO\Downloads\report\tests\__pycache__\test_rtf_processor.cpython-310-pytest-7.4.0.pyc,test_rtf_processor.cpython-310-pytest-7.4.0.pyc,.pyc,0.002274,2024-01-15 19:42:03,2024-01-17 14:00:21,2024-01-15 19:42:03,C:\Users\BLUO\Downloads\report\tests\__pycache__,1,0,C:\Users\BLUO\Downloads\report\tests\__pycache__\test_rtf_processor.cpython-310-pytest-7.4.0.pyc,N/A,N/A,N/A,N/A,N/A,N/A,N/A,N/A,N/A,N/A,N/A,N/A,N/A,N/A,N/A,N/A,N/A,N/A,N/A,N/A,N/A,N/A,N/A,N/A,N/A,N/A,N/A,N/A,N/A,N/A,N/A,N/A,N/A,N/A,N/A,N/A,N/A,N/A,This is a generic processor. Limited functionality available. File was not opened
161,C:\Users\BLUO\Downloads\report\tests\__pycache__\test_tif_processor.cpython-310-pytest-7.4.0.pyc,test_tif_processor.cpython-310-pytest-7.4.0.pyc,.pyc,0.002719,2024-01-15 19:42:03,2024-01-17 14:00:21,2024-01-15 19:42:03,C:\Users\BLUO\Downloads\report\tests\__pycache__,1,0,C:\Users\BLUO\Downloads\report\tests\__pycache__\test_tif_processor.cpython-310-pytest-7.4.0.pyc,N/A,N/A,N/A,N/A,N/A,N/A,N/A,N/A,N/A,N/A,N/A,N/A,N/A,N/A,N/A,N/A,N/A,N/A,N/A,N/A,N/A,N/A,N/A,N/A,N/A,N/A,N/A,N/A,N/A,N/A,N/A,N/A,N/A,N/A,N/A,N/A,N/A,N/A,This is a generic processor. Limited functionality available. File was not opened
162,C:\Users\BLUO\Downloads\report\tests\__pycache__\test_transcription_decorator.cpython-310-pytest-7.4.0.pyc,test_transcription_decorator.cpython-310-pytest-7.4.0.pyc,.pyc,0.003601,2024-01-15 19:42:03,2024-01-17 14:00:21,2024-01-15 19:42:03,C:\Users\BLUO\Downloads\report\tests\__pycache__,1,0,C:\Users\BLUO\Downloads\report\tests\__pycache__\test_transcription_decorator.cpython-310-pytest-7.4.0.pyc,N/A,N/A,N/A,N/A,N/A,N/A,N/A,N/A,N/A,N/A,N/A,N/A,N/A,N/A,N/A,N/A,N/A,N/A,N/A,N/A,N/A,N/A,N/A,N/A,N/A,N/A,N/A,N/A,N/A,N/A,N/A,N/A,N/A,N/A,N/A,N/A,N/A,N/A,This is a generic processor. Limited functionality available. File was not opened
163,C:\Users\BLUO\Downloads\report\tests\__pycache__\test_txt_processor.cpython-310-pytest-7.4.0.pyc,test_txt_processor.cpython-310-pytest-7.4.0.pyc,.pyc,0.002742,2024-01-15 19:42:05,2024-01-17 14:00:22,2024-01-15 19:42:05,C:\Users\BLUO\Downloads\report\tests\__pycache__,1,0,C:\Users\BLUO\Downloads\report\tests\__pycache__\test_txt_processor.cpython-310-pytest-7.4.0.pyc,N/A,N/A,N/A,N/A,N/A,N/A,N/A,N/A,N/A,N/A,N/A,N/A,N/A,N/A,N/A,N/A,N/A,N/A,N/A,N/A,N/A,N/A,N/A,N/A,N/A,N/A,N/A,N/A,N/A,N/A,N/A,N/A,N/A,N/A,N/A,N/A,N/A,N/A,This is a generic processor. Limited functionality available. File was not opened
164,C:\Users\BLUO\Downloads\report\tests\__pycache__\test_xlsx_processor.cpython-310-pytest-7.4.0.pyc,test_xlsx_processor.cpython-310-pytest-7.4.0.pyc,.pyc,0.00423,2024-01-15 19:42:05,2024-01-17 14:00:22,2024-01-15 19:42:05,C:\Users\BLUO\Downloads\report\tests\__pycache__,1,0,C:\Users\BLUO\Downloads\report\tests\__pycache__\test_xlsx_processor.cpython-310-pytest-7.4.0.pyc,N/A,N/A,N/A,N/A,N/A,N/A,N/A,N/A,N/A,N/A,N/A,N/A,N/A,N/A,N/A,N/A,N/A,N/A,N/A,N/A,N/A,N/A,N/A,N/A,N/A,N/A,N/A,N/A,N/A,N/A,N/A,N/A,N/A,N/A,N/A,N/A,N/A,N/A,This is a generic processor. Limited functionality available. File was not opened
165,C:\Users\BLUO\Downloads\report\tests\__pycache__\test_xml_processor.cpython-310-pytest-7.4.0.pyc,test_xml_processor.cpython-310-pytest-7.4.0.pyc,.pyc,0.002709,2024-01-15 19:42:05,2024-01-17 14:00:22,2024-01-15 19:42:05,C:\Users\BLUO\Downloads\report\tests\__pycache__,1,0,C:\Users\BLUO\Downloads\report\tests\__pycache__\test_xml_processor.cpython-310-pytest-7.4.0.pyc,N/A,N/A,N/A,N/A,N/A,N/A,N/A,N/A,N/A,N/A,N/A,N/A,N/A,N/A,N/A,N/A,N/A,N/A,N/A,N/A,N/A,N/A,N/A,N/A,N/A,N/A,N/A,N/A,N/A,N/A,N/A,N/A,N/A,N/A,N/A,N/A,N/A,N/A,This is a generic processor. Limited functionality available. File was not opened
166,C:\Users\BLUO\Downloads\report\tests\__pycache__\test_zip_processor.cpython-310-pytest-7.4.0.pyc,test_zip_processor.cpython-310-pytest-7.4.0.pyc,.pyc,0.005644,2024-01-16 16:59:11,2024-01-17 14:00:22,2024-01-16 16:59:11,C:\Users\BLUO\Downloads\report\tests\__pycache__,1,0,C:\Users\BLUO\Downloads\report\tests\__pycache__\test_zip_processor.cpython-310-pytest-7.4.0.pyc,N/A,N/A,N/A,N/A,N/A,N/A,N/A,N/A,N/A,N/A,N/A,N/A,N/A,N/A,N/A,N/A,N/A,N/A,N/A,N/A,N/A,N/A,N/A,N/A,N/A,N/A,N/A,N/A,N/A,N/A,N/A,N/A,N/A,N/A,N/A,N/A,N/A,N/A,This is a generic processor. Limited functionality available. File was not opened
167,C:\Users\BLUO\Downloads\report\tests\__pycache__\__init__.cpython-310.pyc,__init__.cpython-310.pyc,.pyc,0.000141,2024-01-15 19:41:52,2024-01-17 14:00:10,2024-01-15 19:41:52,C:\Users\BLUO\Downloads\report\tests\__pycache__,1,0,C:\Users\BLUO\Downloads\report\tests\__pycache__\__init__.cpython-310.pyc,N/A,N/A,N/A,N/A,N/A,N/A,N/A,N/A,N/A,N/A,N/A,N/A,N/A,N/A,N/A,N/A,N/A,N/A,N/A,N/A,N/A,N/A,N/A,N/A,N/A,N/A,N/A,N/A,N/A,N/A,N/A,N/A,N/A,N/A,N/A,N/A,N/A,N/A,This is a generic processor. Limited functionality available. File was not opened
